date,open,high,low,close,volume
2019-01-01 00:00:00+05:30,20854.95,20870.0,20625.0,20666.35,517
2019-01-02 00:00:00+05:30,20666.35,20666.35,19952.45,19985.75,8642
2019-01-03 00:00:00+05:30,20160.0,20269.95,19801.6,19990.25,2402
2019-01-04 00:00:00+05:30,20011.4,20540.0,19997.0,20357.4,3891
2019-01-07 00:00:00+05:30,20699.45,20699.45,20350.0,20388.25,1121
2019-01-08 00:00:00+05:30,20581.0,20596.6,20350.0,20419.5,718
2019-01-09 00:00:00+05:30,20650.0,20650.0,20132.3,20203.75,1865
2019-01-10 00:00:00+05:30,20250.0,20738.0,20250.0,20671.35,1157
2019-01-11 00:00:00+05:30,20780.0,20990.0,20600.1,20824.5,2123
2019-01-14 00:00:00+05:30,20954.65,20954.65,20504.15,20572.35,426
2019-01-15 00:00:00+05:30,20551.0,20944.0,20551.0,20846.15,1563
2019-01-16 00:00:00+05:30,20850.95,20950.0,20635.65,20698.0,2060
2019-01-17 00:00:00+05:30,20695.0,20990.0,20451.05,20889.9,3312
2019-01-18 00:00:00+05:30,20979.95,21040.0,20790.05,20984.5,952
2019-01-21 00:00:00+05:30,20990.05,21176.0,20854.95,20895.9,524
2019-01-22 00:00:00+05:30,20894.95,20895.85,20611.05,20724.8,1862
2019-01-23 00:00:00+05:30,20750.05,20891.85,20574.2,20701.6,346
2019-01-24 00:00:00+05:30,20782.95,20790.0,20500.0,20585.8,276
2019-01-25 00:00:00+05:30,20699.95,20790.0,20430.0,20466.85,558
2019-01-28 00:00:00+05:30,20310.5,20390.0,19950.0,20118.6,3569
2019-01-29 00:00:00+05:30,20111.0,20295.0,20002.0,20082.75,2459
2019-01-30 00:00:00+05:30,20052.3,20299.95,20032.05,20146.45,2197
2019-01-31 00:00:00+05:30,20115.0,20395.9,20115.0,20151.6,464
2019-02-01 00:00:00+05:30,20160.0,20590.0,20160.0,20293.5,1270
2019-02-04 00:00:00+05:30,20545.0,20650.0,20300.15,20525.85,578
2019-02-05 00:00:00+05:30,20405.95,20550.0,20405.0,20507.6,624
2019-02-06 00:00:00+05:30,20410.15,20698.0,20217.35,20625.1,1169
2019-02-07 00:00:00+05:30,20700.0,21121.0,20652.0,20963.65,1677
2019-02-08 00:00:00+05:30,21000.0,21499.0,20701.1,21332.45,2408
2019-02-11 00:00:00+05:30,21490.0,21775.0,21201.3,21619.2,1734
2019-02-12 00:00:00+05:30,21761.85,21761.85,20901.05,21213.65,1884
2019-02-13 00:00:00+05:30,21345.0,21580.8,20751.0,20859.6,2310
2019-02-14 00:00:00+05:30,20999.45,21350.0,20699.8,21333.2,2062
2019-02-15 00:00:00+05:30,21300.0,21300.0,20830.15,20908.85,772
2019-02-18 00:00:00+05:30,20908.85,22388.0,20899.0,22245.3,11347
2019-02-19 00:00:00+05:30,22450.0,22450.0,21805.0,21927.55,3419
2019-02-20 00:00:00+05:30,22113.0,22113.0,21613.0,21971.9,2185
2019-02-21 00:00:00+05:30,21877.0,22799.9,21825.0,22736.1,2260
2019-02-22 00:00:00+05:30,22640.6,23435.0,22640.55,23362.5,3049
2019-02-25 00:00:00+05:30,23252.2,24500.0,23219.55,23648.35,4558
2019-02-26 00:00:00+05:30,23490.0,23679.0,22787.0,22899.95,4257
2019-02-27 00:00:00+05:30,23187.0,23305.15,22650.0,22821.7,6694
2019-02-28 00:00:00+05:30,22821.7,23063.55,22647.05,22896.25,1545
2019-03-01 00:00:00+05:30,23098.65,23587.95,22927.0,23011.5,3951
2019-03-05 00:00:00+05:30,22990.0,24000.0,22988.85,23450.65,6699
2019-03-06 00:00:00+05:30,23628.0,24000.05,22951.0,23252.1,6683
2019-03-07 00:00:00+05:30,23270.0,24199.1,23016.7,23834.5,5869
2019-03-08 00:00:00+05:30,23988.1,24973.95,23962.4,24848.15,6591
2019-03-11 00:00:00+05:30,24874.0,25100.0,24412.0,24540.4,6115
2019-03-12 00:00:00+05:30,24706.0,24942.5,24412.05,24516.6,7247
2019-03-13 00:00:00+05:30,24629.0,24700.0,23873.0,24203.6,13332
2019-03-14 00:00:00+05:30,24005.0,24649.35,23850.05,23932.25,2960
2019-03-15 00:00:00+05:30,23915.0,24447.15,23301.0,23742.05,68736
2019-03-18 00:00:00+05:30,23660.0,23750.0,23140.0,23251.85,1649
2019-03-19 00:00:00+05:30,23445.0,23749.95,23216.8,23517.25,1392
2019-03-20 00:00:00+05:30,23400.1,23676.3,23355.2,23440.15,1003
2019-03-22 00:00:00+05:30,23440.15,23758.7,23440.15,23585.0,995
2019-03-25 00:00:00+05:30,23487.0,24300.0,23017.0,24151.45,2970
2019-03-26 00:00:00+05:30,24300.0,24450.0,23800.0,23949.5,1952
2019-03-27 00:00:00+05:30,23949.6,24187.85,23661.0,23777.85,7457
2019-03-28 00:00:00+05:30,23945.0,24150.0,23662.0,24035.65,579
2019-03-29 00:00:00+05:30,24005.05,24300.0,23811.25,24260.85,1128
2019-04-01 00:00:00+05:30,24270.0,24800.0,24099.75,24294.75,4621
2019-04-02 00:00:00+05:30,24688.0,24688.0,24157.9,24304.0,6791
2019-04-03 00:00:00+05:30,24305.0,24580.3,23797.05,23983.5,12795
2019-04-04 00:00:00+05:30,23760.5,24240.0,23600.0,23654.9,1008
2019-04-05 00:00:00+05:30,23710.95,23969.0,23710.95,23861.65,695
2019-04-08 00:00:00+05:30,24028.1,24200.0,23742.0,23877.4,1382
2019-04-09 00:00:00+05:30,23996.9,23996.9,23140.05,23359.1,1936
2019-04-10 00:00:00+05:30,23394.4,24600.0,23394.4,24294.3,4210
2019-04-11 00:00:00+05:30,24294.3,24700.0,24294.3,24590.6,2430
2019-04-12 00:00:00+05:30,24655.0,24900.0,24513.5,24791.55,1529
2019-04-15 00:00:00+05:30,24799.9,25090.0,24636.3,24998.55,1369
2019-04-16 00:00:00+05:30,24925.05,25439.95,24802.05,24924.35,3145
2019-04-18 00:00:00+05:30,25200.0,25201.45,24671.05,24979.2,3699
2019-04-22 00:00:00+05:30,24701.0,25150.0,24701.0,25032.55,1638
2019-04-23 00:00:00+05:30,25000.0,25200.0,24932.0,25157.85,1689
2019-04-24 00:00:00+05:30,25150.0,25200.0,24532.0,24672.75,2244
2019-04-25 00:00:00+05:30,24602.05,24927.85,24602.05,24871.0,419
2019-04-26 00:00:00+05:30,24500.0,24500.0,23335.0,23510.9,6812
2019-04-30 00:00:00+05:30,23424.0,23511.0,22665.0,22926.7,3844
2019-05-02 00:00:00+05:30,22926.7,23595.0,22826.7,23105.45,1565
2019-05-03 00:00:00+05:30,23269.0,23419.8,22739.0,22844.35,1084
2019-05-06 00:00:00+05:30,22766.0,23000.0,22310.0,22831.65,654
2019-05-07 00:00:00+05:30,22830.0,23328.0,22637.75,23225.7,786
2019-05-08 00:00:00+05:30,23000.55,23299.0,23000.3,23122.25,349
2019-05-09 00:00:00+05:30,22901.05,23075.75,22750.0,22810.85,1064
2019-05-10 00:00:00+05:30,22999.95,23248.0,22671.85,22936.6,568
2019-05-13 00:00:00+05:30,22727.4,23118.0,22727.4,22783.8,652
2019-05-14 00:00:00+05:30,22912.4,23300.0,22700.0,23219.05,1022
2019-05-15 00:00:00+05:30,23397.85,23444.95,22565.15,22951.25,780
2019-05-16 00:00:00+05:30,22951.25,23038.7,22599.9,22760.1,969
2019-05-17 00:00:00+05:30,22968.0,22986.95,22500.0,22758.65,973
2019-05-20 00:00:00+05:30,23399.0,23756.8,22625.0,22996.0,2671
2019-05-21 00:00:00+05:30,22990.85,23219.8,22710.25,23109.2,2088
2019-05-22 00:00:00+05:30,22900.5,23200.0,22621.0,22826.75,1592
2019-05-23 00:00:00+05:30,23188.0,23299.0,22871.85,23122.85,1430
2019-05-24 00:00:00+05:30,23284.65,23936.0,23051.5,23836.1,1058
2019-05-27 00:00:00+05:30,23999.0,24254.95,23858.75,23937.5,2059
2019-05-28 00:00:00+05:30,23930.0,24200.0,23799.95,23913.05,1689
2019-05-29 00:00:00+05:30,22790.0,23149.0,21910.0,22927.25,12565
2019-05-30 00:00:00+05:30,22700.0,23200.0,22601.0,22816.35,1839
2019-05-31 00:00:00+05:30,23182.8,23182.8,22500.0,22741.8,1391
2019-06-03 00:00:00+05:30,22718.9,22900.0,22500.5,22859.05,1051
2019-06-04 00:00:00+05:30,22911.9,23100.0,22512.0,22575.25,1197
2019-06-06 00:00:00+05:30,22574.5,22735.8,22452.15,22497.05,2116
2019-06-07 00:00:00+05:30,22497.05,22550.0,22351.0,22497.55,1312
2019-06-10 00:00:00+05:30,22497.55,22699.95,22395.0,22608.2,1493
2019-06-11 00:00:00+05:30,22800.0,22800.0,22450.0,22490.1,1308
2019-06-12 00:00:00+05:30,22505.35,22590.0,22360.0,22439.25,1035
2019-06-13 00:00:00+05:30,22360.0,22799.95,22300.0,22365.9,722
2019-06-14 00:00:00+05:30,22500.0,22600.0,22305.0,22462.55,522
2019-06-17 00:00:00+05:30,22375.05,22509.0,22200.0,22218.95,1384
2019-06-18 00:00:00+05:30,22218.0,22360.0,22000.0,22030.85,675
2019-06-19 00:00:00+05:30,22150.75,22420.05,22000.0,22021.45,617
2019-06-20 00:00:00+05:30,22042.6,22698.0,22009.95,22654.65,743
2019-06-21 00:00:00+05:30,22781.5,23700.0,22650.0,23529.6,4380
2019-06-24 00:00:00+05:30,23700.0,23979.85,23120.0,23779.1,2765
2019-06-25 00:00:00+05:30,23511.05,23894.7,22700.0,23183.9,1707
2019-06-26 00:00:00+05:30,23236.55,23485.3,22910.0,22927.75,1917
2019-06-27 00:00:00+05:30,23018.35,23500.0,22700.0,23018.45,1123
2019-06-28 00:00:00+05:30,22901.0,23290.0,22901.0,23215.8,664
2019-07-01 00:00:00+05:30,23210.0,23500.0,22765.0,23014.3,1492
2019-07-02 00:00:00+05:30,22702.35,23489.95,22702.35,23392.9,727
2019-07-03 00:00:00+05:30,23304.35,23450.0,23085.0,23206.85,1379
2019-07-04 00:00:00+05:30,23245.0,23400.0,22680.0,22794.7,1071
2019-07-05 00:00:00+05:30,22964.4,23042.7,22600.0,22753.75,1021
2019-07-08 00:00:00+05:30,22500.0,22898.9,22050.0,22108.35,1329
2019-07-09 00:00:00+05:30,22021.05,22199.85,21800.0,21848.55,2673
2019-07-10 00:00:00+05:30,22106.4,22113.9,21851.55,21985.3,701
2019-07-11 00:00:00+05:30,22000.0,22185.95,21662.0,21719.05,726
2019-07-12 00:00:00+05:30,21819.75,22053.0,21750.0,21930.2,1059
2019-07-15 00:00:00+05:30,21817.2,21996.0,21702.25,21753.4,427
2019-07-16 00:00:00+05:30,22130.0,22130.0,21940.3,22053.8,426
2019-07-17 00:00:00+05:30,22053.8,22450.0,22025.0,22258.7,619
2019-07-18 00:00:00+05:30,22258.0,22336.2,21905.55,21915.85,651
2019-07-19 00:00:00+05:30,22054.1,22054.1,21730.0,21884.85,458
2019-07-22 00:00:00+05:30,21884.85,21884.85,21650.05,21677.2,6166
2019-07-23 00:00:00+05:30,21848.0,21900.0,21600.0,21828.4,612
2019-07-24 00:00:00+05:30,21853.75,21900.0,21400.0,21454.2,912
2019-07-25 00:00:00+05:30,21620.5,21688.0,21102.0,21162.15,1060
2019-07-26 00:00:00+05:30,20900.0,21157.65,20743.1,20903.4,2335
2019-07-29 00:00:00+05:30,21274.0,21350.0,20701.55,21268.8,658
2019-07-30 00:00:00+05:30,21259.95,21378.5,20867.65,20989.85,904
2019-07-31 00:00:00+05:30,20990.0,21222.0,20669.25,21107.9,846
2019-08-01 00:00:00+05:30,21211.95,21293.3,20630.0,20704.1,663
2019-08-02 00:00:00+05:30,20733.25,20964.3,20506.05,20842.65,727
2019-08-05 00:00:00+05:30,20820.0,20820.0,20200.0,20557.35,1163
2019-08-06 00:00:00+05:30,20730.0,20900.0,20493.3,20836.75,683
2019-08-07 00:00:00+05:30,20793.05,21199.95,20750.0,20858.1,900
2019-08-08 00:00:00+05:30,21000.0,21400.0,20723.05,21099.8,1099
2019-08-09 00:00:00+05:30,21287.95,21388.7,21200.0,21225.95,358
2019-08-13 00:00:00+05:30,21260.0,21699.9,20598.95,21212.65,3471
2019-08-14 00:00:00+05:30,21013.0,21850.05,20916.0,21000.5,2810
2019-08-16 00:00:00+05:30,21148.0,21150.0,20850.0,20913.4,661
2019-08-19 00:00:00+05:30,21199.0,21249.95,20650.0,20719.65,783
2019-08-20 00:00:00+05:30,20863.7,20913.65,20600.0,20614.4,963
2019-08-21 00:00:00+05:30,20848.0,20848.0,20300.0,20315.85,732
2019-08-22 00:00:00+05:30,20126.0,20490.0,20100.0,20236.1,495
2019-08-23 00:00:00+05:30,20151.0,20625.0,20125.25,20538.9,1186
2019-08-26 00:00:00+05:30,21011.0,21099.0,20501.05,20563.55,720
2019-08-27 00:00:00+05:30,20525.0,21117.95,20525.0,20928.35,1155
2019-08-28 00:00:00+05:30,20935.05,21169.1,20322.0,20425.55,738
2019-08-29 00:00:00+05:30,20550.0,20779.95,20350.0,20424.45,3865
2019-08-30 00:00:00+05:30,20405.0,21000.0,20175.0,20233.45,1743
2019-09-03 00:00:00+05:30,20349.0,21000.0,20000.0,20098.95,7637
2019-09-04 00:00:00+05:30,20147.95,20450.0,19994.0,20350.15,1927
2019-09-05 00:00:00+05:30,20498.0,20548.95,20210.05,20407.8,1339
2019-09-06 00:00:00+05:30,20463.45,20719.95,20450.1,20515.35,1794
2019-09-09 00:00:00+05:30,20778.0,20778.0,20503.65,20604.35,1165
2019-09-11 00:00:00+05:30,20800.0,20800.0,20150.0,20260.55,4281
2019-09-12 00:00:00+05:30,20444.0,20444.0,20105.55,20142.1,28526
2019-09-13 00:00:00+05:30,20142.1,20499.95,20142.1,20352.55,763
2019-09-16 00:00:00+05:30,20440.0,20440.0,16749.95,18165.9,270756
2019-09-17 00:00:00+05:30,18999.9,19444.0,18720.1,19207.1,23564
2019-09-18 00:00:00+05:30,19400.0,19499.7,18905.05,19170.3,5019
2019-09-19 00:00:00+05:30,19170.3,19170.3,18501.0,18526.5,5238
2019-09-20 00:00:00+05:30,18748.85,20588.95,18580.0,20224.45,10486
2019-09-23 00:00:00+05:30,20600.0,20900.0,19910.7,20379.15,5626
2019-09-24 00:00:00+05:30,20450.0,20699.95,19600.0,19722.3,2556
2019-09-25 00:00:00+05:30,19723.0,20300.0,19527.2,20058.95,4949
2019-09-26 00:00:00+05:30,20184.0,20495.0,19950.0,20061.9,1613
2019-09-27 00:00:00+05:30,20095.0,20550.0,19840.2,20517.4,3436
2019-09-30 00:00:00+05:30,20450.0,20790.65,19910.75,20671.05,2831
2019-10-01 00:00:00+05:30,20781.0,20781.0,19950.0,20008.2,2761
2019-10-03 00:00:00+05:30,20287.95,20287.95,19800.0,19988.75,1377
2019-10-04 00:00:00+05:30,20153.9,20153.9,19551.05,19722.25,2709
2019-10-07 00:00:00+05:30,19820.0,19944.95,19571.05,19841.4,604
2019-10-09 00:00:00+05:30,19998.0,20289.95,19786.05,20219.3,1601
2019-10-10 00:00:00+05:30,20156.0,20246.9,19725.0,19852.95,867
2019-10-11 00:00:00+05:30,19802.0,20189.0,19802.0,20021.05,963
2019-10-14 00:00:00+05:30,19991.0,20139.95,19800.0,19930.5,1889
2019-10-15 00:00:00+05:30,19932.0,20370.0,19932.0,20267.65,3337
2019-10-16 00:00:00+05:30,20253.25,20624.0,20250.0,20610.25,3201
2019-10-17 00:00:00+05:30,20624.0,22991.0,20624.0,22882.1,18684
2019-10-18 00:00:00+05:30,23000.0,23000.0,20610.0,21792.25,264810
2019-10-22 00:00:00+05:30,22000.0,22190.0,21651.0,21822.3,4653
2019-10-23 00:00:00+05:30,22150.0,22150.0,21540.0,21634.35,3135
2019-10-24 00:00:00+05:30,21630.0,21900.0,21200.0,21261.05,5601
2019-10-25 00:00:00+05:30,21201.0,22065.0,20902.15,21898.1,4425
2019-10-27 00:00:00+05:30,22140.0,22389.95,21825.15,22249.15,1590
2019-10-29 00:00:00+05:30,22475.0,22540.0,22054.4,22221.85,1778
2019-10-30 00:00:00+05:30,22400.0,22824.95,22055.0,22281.2,4885
2019-10-31 00:00:00+05:30,22396.4,23267.0,22050.0,22488.2,3968
2019-11-01 00:00:00+05:30,22497.5,22512.05,22100.0,22202.1,1793
2019-11-04 00:00:00+05:30,22399.0,22550.0,22002.0,22314.85,1559
2019-11-05 00:00:00+05:30,22499.85,22650.0,22250.0,22456.5,1862
2019-11-06 00:00:00+05:30,22518.0,22550.0,22250.0,22517.5,1788
2019-11-07 00:00:00+05:30,22600.0,22600.0,22300.0,22463.45,648
2019-11-08 00:00:00+05:30,22285.65,22844.0,22285.65,22392.9,1601
2019-11-11 00:00:00+05:30,22403.0,22649.9,22030.65,22504.2,1572
2019-11-13 00:00:00+05:30,22729.0,22800.0,22056.05,22258.2,6417
2019-11-14 00:00:00+05:30,22160.0,22464.0,22160.0,22269.55,1460
2019-11-15 00:00:00+05:30,22300.0,22500.0,22070.05,22259.05,1194
2019-11-18 00:00:00+05:30,22260.0,22465.0,22260.0,22390.35,581
2019-11-19 00:00:00+05:30,22350.05,22444.0,22105.05,22310.05,693
2019-11-20 00:00:00+05:30,22275.0,22479.95,22275.0,22372.85,624
2019-11-21 00:00:00+05:30,22375.0,22730.0,22335.55,22598.55,2121
2019-11-22 00:00:00+05:30,22645.0,22800.0,22359.75,22415.3,1335
2019-11-25 00:00:00+05:30,22417.55,22737.8,22415.0,22687.1,1391
2019-11-26 00:00:00+05:30,22698.5,22706.15,22450.0,22524.1,1108
2019-11-27 00:00:00+05:30,22690.0,22690.0,22369.05,22383.05,1068
2019-11-28 00:00:00+05:30,22498.0,22600.0,22312.45,22352.65,1452
2019-11-29 00:00:00+05:30,22370.1,22499.5,22157.05,22241.75,1233
2019-12-02 00:00:00+05:30,22399.0,22469.0,22180.0,22206.3,1027
2019-12-03 00:00:00+05:30,22239.45,22450.0,22100.0,22286.4,814
2019-12-04 00:00:00+05:30,22211.15,22294.4,21700.0,21869.1,1364
2019-12-05 00:00:00+05:30,21949.0,22035.35,21724.4,21862.9,562
2019-12-06 00:00:00+05:30,21899.5,21950.0,21600.0,21672.2,336
2019-12-09 00:00:00+05:30,21795.0,21900.05,21544.55,21631.75,1405
2019-12-10 00:00:00+05:30,21601.15,21670.0,21100.0,21131.25,3858
2019-12-11 00:00:00+05:30,21200.0,21257.15,20900.0,21143.35,1402
2019-12-12 00:00:00+05:30,21141.2,21309.1,20700.0,20738.85,1328
2019-12-13 00:00:00+05:30,20755.1,20996.85,20713.4,20750.35,781
2019-12-16 00:00:00+05:30,20750.0,20978.0,20725.0,20765.9,643
2019-12-17 00:00:00+05:30,21000.0,21099.0,20770.0,20967.3,1121
2019-12-18 00:00:00+05:30,20997.1,21150.0,20750.0,20844.85,930
2019-12-19 00:00:00+05:30,20878.05,21012.0,20820.0,20868.4,917
2019-12-20 00:00:00+05:30,20841.55,21500.0,20841.3,21320.65,1996
2019-12-23 00:00:00+05:30,21489.9,21600.0,21255.0,21438.8,1045
2019-12-24 00:00:00+05:30,21388.3,21850.0,21225.15,21641.1,1251
2019-12-26 00:00:00+05:30,21670.15,21795.2,21410.8,21496.65,418
2019-12-27 00:00:00+05:30,21496.0,21638.35,21451.2,21476.25,385
2019-12-30 00:00:00+05:30,21685.0,21685.0,21439.95,21479.05,791
2019-12-31 00:00:00+05:30,21639.0,21639.0,21210.0,21304.7,1333
2020-01-01 00:00:00+05:30,21350.7,21820.9,21348.85,21721.95,773
2020-01-02 00:00:00+05:30,21621.35,21643.65,21311.0,21381.15,868
2020-01-03 00:00:00+05:30,21521.55,21521.55,21251.0,21335.85,963
2020-01-06 00:00:00+05:30,21550.0,21550.0,20855.0,21089.7,1829
2020-01-07 00:00:00+05:30,21300.0,21876.0,21025.0,21660.4,6441
2020-01-08 00:00:00+05:30,21499.95,21575.75,21161.0,21238.05,1952
2020-01-09 00:00:00+05:30,21400.0,21550.0,21240.0,21272.2,2331
2020-01-10 00:00:00+05:30,21377.3,21525.0,21242.0,21432.5,671
2020-01-13 00:00:00+05:30,21435.0,21649.95,21300.1,21521.85,1391
2020-01-14 00:00:00+05:30,21535.0,22000.0,21500.0,21931.5,1311
2020-01-15 00:00:00+05:30,22000.0,22600.0,21857.0,22067.95,1350
2020-01-16 00:00:00+05:30,22235.0,22400.0,22160.0,22320.45,941
2020-01-17 00:00:00+05:30,22304.95,22510.0,22301.05,22346.9,1614
2020-01-20 00:00:00+05:30,22500.0,22600.0,22026.0,22273.9,2271
2020-01-21 00:00:00+05:30,22004.6,22302.3,21999.95,22119.65,4571
2020-01-22 00:00:00+05:30,22115.0,22310.0,22065.15,22258.95,966
2020-01-23 00:00:00+05:30,22399.85,22458.75,22250.0,22409.7,671
2020-01-24 00:00:00+05:30,22495.0,22600.0,22078.0,22338.45,2026
2020-01-27 00:00:00+05:30,22201.0,23500.0,22200.0,22306.45,2517
2020-01-28 00:00:00+05:30,22480.0,22484.95,22215.0,22264.65,1484
2020-01-29 00:00:00+05:30,22587.95,22587.95,22055.15,22185.85,979
2020-01-30 00:00:00+05:30,22350.0,22498.85,22100.0,22132.3,736
2020-01-31 00:00:00+05:30,22290.2,24139.9,21888.0,22981.25,27244
2020-02-01 00:00:00+05:30,22990.0,23338.95,22055.3,22261.6,5917
2020-02-03 00:00:00+05:30,22240.0,23199.95,22000.0,22637.05,3896
2020-02-04 00:00:00+05:30,22800.0,23661.0,22731.6,23090.0,8496
2020-02-05 00:00:00+05:30,23485.0,24100.0,22900.65,23082.7,13062
2020-02-06 00:00:00+05:30,23340.0,23900.0,23105.0,23427.7,3664
2020-02-07 00:00:00+05:30,23500.0,24219.6,23125.05,24064.95,6160
2020-02-10 00:00:00+05:30,24064.95,24769.0,24000.0,24662.45,9061
2020-02-11 00:00:00+05:30,24789.9,25200.0,22435.0,23099.05,32169
2020-02-12 00:00:00+05:30,23333.0,23333.0,22200.0,22379.95,12598
2020-02-13 00:00:00+05:30,22519.75,22882.0,22427.1,22678.4,2844
2020-02-14 00:00:00+05:30,22760.0,22900.0,22207.0,22299.95,3653
2020-02-17 00:00:00+05:30,22305.0,22749.0,22200.0,22233.1,2131
2020-02-18 00:00:00+05:30,22350.0,22350.0,22001.0,22095.35,3707
2020-02-19 00:00:00+05:30,22100.0,22299.9,21740.1,21821.0,3241
2020-02-20 00:00:00+05:30,21920.0,21986.5,21602.65,21683.4,2057
2020-02-24 00:00:00+05:30,21744.0,21744.25,20902.0,21287.5,5741
2020-02-25 00:00:00+05:30,21180.0,21350.0,20800.0,20881.25,2249
2020-02-26 00:00:00+05:30,20815.0,21100.0,20700.0,20771.6,3205
2020-02-27 00:00:00+05:30,20950.0,20950.0,20350.0,20565.15,2476
2020-02-28 00:00:00+05:30,20350.0,20999.7,20300.0,20575.25,4602
2020-03-02 00:00:00+05:30,20805.0,20995.0,20000.0,20131.65,3958
2020-03-03 00:00:00+05:30,20470.0,20995.0,20312.0,20632.95,7108
2020-03-04 00:00:00+05:30,20790.0,22599.0,20430.15,22335.75,39991
2020-03-05 00:00:00+05:30,22777.0,24349.9,22500.0,22885.45,51972
2020-03-06 00:00:00+05:30,22380.0,23638.85,21717.9,22601.85,19947
2020-03-09 00:00:00+05:30,22000.0,22749.0,20975.0,21038.45,20648
2020-03-11 00:00:00+05:30,21190.0,21285.15,20600.0,20683.35,7387
2020-03-12 00:00:00+05:30,20000.0,20000.0,18550.0,19057.8,28300
2020-03-13 00:00:00+05:30,18000.0,20050.0,17800.0,19682.35,14994
2020-03-16 00:00:00+05:30,19200.0,19500.0,18520.0,18654.55,7405
2020-03-17 00:00:00+05:30,19100.0,19100.0,18000.0,18070.95,5774
2020-03-18 00:00:00+05:30,18249.0,18551.85,17425.05,17539.25,8048
2020-03-19 00:00:00+05:30,17000.0,17546.85,16317.95,16931.15,12132
2020-03-20 00:00:00+05:30,17000.0,17500.0,16900.0,17366.3,6448
2020-03-23 00:00:00+05:30,16300.0,16600.0,15701.0,15887.25,14420
2020-03-24 00:00:00+05:30,16350.0,16600.0,15890.0,16017.5,6269
2020-03-25 00:00:00+05:30,16019.0,16989.9,15700.0,16861.35,10888
2020-03-26 00:00:00+05:30,16860.0,18200.0,16450.0,17939.85,8775
2020-03-27 00:00:00+05:30,18500.0,18500.0,17416.05,17648.6,13810
2020-03-30 00:00:00+05:30,17210.0,17490.0,17000.0,17436.35,2764
2020-03-31 00:00:00+05:30,17799.9,19400.0,17764.9,18827.95,6663
2020-04-01 00:00:00+05:30,19080.05,19080.05,18100.0,18469.55,2822
2020-04-03 00:00:00+05:30,18410.0,18650.0,17175.0,17490.1,7588
2020-04-07 00:00:00+05:30,18500.0,18940.0,18000.0,18755.7,9694
2020-04-08 00:00:00+05:30,18950.0,19170.0,18155.05,18318.2,9926
2020-04-09 00:00:00+05:30,18620.0,19450.0,18260.1,18941.85,7065
2020-04-13 00:00:00+05:30,19640.0,19700.0,18650.4,18766.75,8169
2020-04-15 00:00:00+05:30,18800.0,18997.2,18482.05,18872.8,19066
2020-04-16 00:00:00+05:30,18885.0,19840.0,18800.0,19605.15,10316
2020-04-17 00:00:00+05:30,19999.0,19999.0,19393.45,19700.3,8832
2020-04-20 00:00:00+05:30,19651.0,19997.0,19354.05,19861.05,4219
2020-04-21 00:00:00+05:30,19799.95,19854.95,19254.95,19409.35,6149
2020-04-22 00:00:00+05:30,19510.0,19649.95,18661.0,18719.5,10555
2020-04-23 00:00:00+05:30,18819.0,18999.0,18601.0,18778.75,1951
2020-04-24 00:00:00+05:30,18690.0,19199.9,18301.05,19130.45,12604
2020-04-27 00:00:00+05:30,19401.0,19560.3,19150.0,19505.15,5023
2020-04-28 00:00:00+05:30,19799.0,19799.0,18811.0,19297.95,1370
2020-04-29 00:00:00+05:30,19489.0,19594.0,19000.0,19544.6,3547
2020-04-30 00:00:00+05:30,19559.15,19957.0,19200.3,19400.2,5403
2020-05-04 00:00:00+05:30,19110.05,19240.0,18737.6,18828.5,2584
2020-05-05 00:00:00+05:30,18940.0,19000.0,18580.0,18655.25,1831
2020-05-06 00:00:00+05:30,18847.0,18848.0,18510.05,18708.0,1374
2020-05-07 00:00:00+05:30,18526.0,18897.0,18526.0,18878.2,1350
2020-05-08 00:00:00+05:30,18880.0,19099.95,18501.0,18618.7,2175
2020-05-11 00:00:00+05:30,18900.0,18921.9,18100.0,18179.1,2809
2020-05-12 00:00:00+05:30,18000.0,18299.0,17750.0,18107.1,2964
2020-05-13 00:00:00+05:30,18899.0,18899.0,18251.1,18316.3,2267
2020-05-14 00:00:00+05:30,18310.0,18450.0,17650.1,17735.85,3758
2020-05-15 00:00:00+05:30,17800.0,17979.95,17520.0,17675.5,1750
2020-05-18 00:00:00+05:30,17650.0,17650.0,17010.05,17048.4,3429
2020-05-19 00:00:00+05:30,17200.0,17348.0,16745.0,16830.4,2642
2020-05-20 00:00:00+05:30,16880.0,17700.0,16830.4,17524.15,2574
2020-05-21 00:00:00+05:30,17648.0,18494.0,17507.35,17883.3,5268
2020-05-22 00:00:00+05:30,17900.0,18200.0,17600.0,17683.15,1825
2020-05-26 00:00:00+05:30,17600.0,17650.0,17300.0,17520.65,1970
2020-05-27 00:00:00+05:30,17688.0,17980.0,17435.1,17896.95,4632
2020-05-28 00:00:00+05:30,17980.9,18293.55,17840.75,18014.35,2685
2020-05-29 00:00:00+05:30,18100.0,18600.0,17900.0,18299.15,8732
2020-06-01 00:00:00+05:30,18290.0,18479.0,17800.0,18057.0,6563
2020-06-02 00:00:00+05:30,18319.0,18449.95,17820.0,17966.7,49628
2020-06-03 00:00:00+05:30,17910.0,18287.95,17800.0,17911.15,36350
2020-06-04 00:00:00+05:30,18050.0,18200.0,17922.45,18073.05,2813
2020-06-05 00:00:00+05:30,18073.0,18196.45,17900.0,17979.25,3900
2020-06-08 00:00:00+05:30,18090.0,18350.0,18028.15,18271.7,4664
2020-06-09 00:00:00+05:30,18349.5,18490.0,18100.0,18166.8,3131
2020-06-10 00:00:00+05:30,18379.0,18400.0,18082.35,18260.1,2258
2020-06-11 00:00:00+05:30,18350.0,18350.0,17445.0,17578.55,7088
2020-06-12 00:00:00+05:30,17001.0,17539.7,17000.05,17404.4,4153
2020-06-15 00:00:00+05:30,17594.0,17594.0,17100.0,17199.55,5573
2020-06-16 00:00:00+05:30,19050.0,19100.0,18021.0,18479.6,22640
2020-06-17 00:00:00+05:30,18395.0,18994.0,18200.55,18629.6,12144
2020-06-18 00:00:00+05:30,18629.6,18848.0,18510.3,18770.95,4514
2020-06-19 00:00:00+05:30,18899.0,18899.0,18300.0,18593.3,8332
2020-06-22 00:00:00+05:30,18565.0,18699.0,18395.7,18514.95,6789
2020-06-23 00:00:00+05:30,18690.0,18800.0,18180.0,18248.75,5922
2020-06-24 00:00:00+05:30,18340.0,18630.0,18150.0,18433.35,6440
2020-06-25 00:00:00+05:30,18300.05,18600.0,18203.25,18540.45,3663
2020-06-26 00:00:00+05:30,18540.5,19237.95,18350.0,19103.0,8269
2020-06-29 00:00:00+05:30,19103.0,19200.0,18822.0,19113.85,4684
2020-06-30 00:00:00+05:30,19114.0,19235.0,18727.7,18795.25,4096
2020-07-01 00:00:00+05:30,18940.0,18956.0,18500.0,18605.4,5815
2020-07-02 00:00:00+05:30,18787.4,18843.95,18600.0,18647.1,12208
2020-07-03 00:00:00+05:30,18828.0,18990.0,18350.0,18440.4,3354
2020-07-06 00:00:00+05:30,18631.0,19100.05,18466.95,18962.65,4528
2020-07-07 00:00:00+05:30,18972.0,19600.0,18687.25,19311.8,6194
2020-07-08 00:00:00+05:30,19599.0,19599.0,19200.0,19256.05,2261
2020-07-09 00:00:00+05:30,19351.7,19600.0,19046.05,19498.95,4443
2020-07-10 00:00:00+05:30,19301.0,19599.0,19301.0,19504.05,2646
2020-07-13 00:00:00+05:30,19650.0,20100.0,19400.0,19936.2,3557
2020-07-14 00:00:00+05:30,19990.0,20400.0,19655.0,20099.35,6350
2020-07-15 00:00:00+05:30,20200.0,20483.95,20038.0,20375.9,4378
2020-07-16 00:00:00+05:30,20398.1,20700.0,20151.05,20569.7,18162
2020-07-17 00:00:00+05:30,20549.0,21100.0,20500.0,21041.15,6102
2020-07-20 00:00:00+05:30,21100.0,21600.0,20887.05,21532.55,4821
2020-07-21 00:00:00+05:30,21700.0,21700.0,21250.15,21503.9,6108
2020-07-22 00:00:00+05:30,21550.0,21600.0,21160.0,21242.85,1686
2020-07-23 00:00:00+05:30,21242.85,21565.0,21200.0,21502.9,1442
2020-07-24 00:00:00+05:30,21520.0,21615.9,21225.0,21492.2,1116
2020-07-27 00:00:00+05:30,21360.0,21582.7,21160.05,21522.65,2427
2020-07-28 00:00:00+05:30,21301.0,21649.95,21225.0,21512.2,3224
2020-07-29 00:00:00+05:30,21360.0,21899.0,21100.0,21501.65,12391
2020-07-30 00:00:00+05:30,21450.0,21900.0,20750.0,21197.45,6369
2020-07-31 00:00:00+05:30,21301.0,21489.7,20971.3,21078.0,2040
2020-08-03 00:00:00+05:30,21396.75,21396.75,20900.0,20918.8,2410
2020-08-04 00:00:00+05:30,20940.0,21099.0,20550.0,20579.5,2605
2020-08-05 00:00:00+05:30,20855.95,20855.95,20525.0,20611.3,1113
2020-08-06 00:00:00+05:30,20788.0,20800.0,20361.05,20434.4,1639
2020-08-07 00:00:00+05:30,20450.0,21650.0,20450.0,21478.65,5212
2020-08-10 00:00:00+05:30,21608.65,22500.0,21600.0,22169.25,8818
2020-08-11 00:00:00+05:30,22200.0,22400.0,21699.05,21752.15,2791
2020-08-12 00:00:00+05:30,21800.0,21800.0,21260.3,21376.05,2180
2020-08-13 00:00:00+05:30,21699.95,22000.0,21521.0,21888.55,4930
2020-08-14 00:00:00+05:30,21000.0,21299.95,20800.0,20903.65,8567
2020-08-17 00:00:00+05:30,20903.7,20998.35,20750.0,20929.2,1867
2020-08-18 00:00:00+05:30,20941.0,21089.95,20700.0,20782.3,2092
2020-08-19 00:00:00+05:30,20657.0,20949.5,20657.0,20834.35,1431
2020-08-20 00:00:00+05:30,20789.2,20974.95,20455.45,20527.2,4590
2020-08-21 00:00:00+05:30,20645.0,20767.7,20600.0,20613.85,3270
2020-08-24 00:00:00+05:30,20799.85,21380.0,20615.05,20927.35,5773
2020-08-25 00:00:00+05:30,21278.0,21278.0,20705.4,20813.3,2072
2020-08-26 00:00:00+05:30,21000.0,21088.95,20750.0,20866.15,1485
2020-08-27 00:00:00+05:30,21100.0,21510.05,20866.15,20999.8,6262
2020-08-28 00:00:00+05:30,20902.0,21216.9,20800.0,20907.35,1767
2020-08-31 00:00:00+05:30,20907.35,21000.0,20150.0,20264.45,4729
2020-09-01 00:00:00+05:30,20300.0,20448.95,19919.75,19959.0,2716
2020-09-02 00:00:00+05:30,19980.0,20344.65,19920.0,20167.15,1013
2020-09-03 00:00:00+05:30,20229.75,20583.6,19927.5,20002.15,2590
2020-09-04 00:00:00+05:30,19999.0,19999.0,19600.0,19649.55,3854
2020-09-07 00:00:00+05:30,19700.0,19739.65,19301.45,19353.15,2449
2020-09-08 00:00:00+05:30,19400.0,19612.0,19100.0,19130.7,2847
2020-09-09 00:00:00+05:30,19145.0,19299.0,18532.1,18807.35,2475
2020-09-10 00:00:00+05:30,18851.0,19241.0,18700.0,18726.1,3035
2020-09-11 00:00:00+05:30,18999.9,18999.9,18350.0,18569.0,7016
2020-09-14 00:00:00+05:30,18600.0,19080.0,18525.5,18922.5,12383
2020-09-15 00:00:00+05:30,18905.0,19197.35,18809.0,18891.7,4034
2020-09-16 00:00:00+05:30,19000.0,19500.0,18811.0,19231.5,3905
2020-09-17 00:00:00+05:30,19350.0,19350.0,18750.0,19002.9,7730
2020-09-18 00:00:00+05:30,19002.9,19061.9,18424.0,18747.5,8313
2020-09-21 00:00:00+05:30,18750.0,18949.9,18130.55,18239.55,5829
2020-09-22 00:00:00+05:30,18400.0,18499.0,18100.0,18148.95,5023
2020-09-23 00:00:00+05:30,18350.35,18744.0,18024.25,18569.0,3259
2020-09-24 00:00:00+05:30,18210.0,18536.25,18056.0,18367.45,3298
2020-09-25 00:00:00+05:30,18501.0,18657.0,18150.0,18204.9,5482
2020-09-28 00:00:00+05:30,18400.0,18477.8,18201.0,18361.85,2588
2020-09-29 00:00:00+05:30,18499.95,18550.0,18100.0,18399.7,3576
2020-09-30 00:00:00+05:30,18401.95,18426.0,18190.05,18307.15,3818
2020-10-01 00:00:00+05:30,18450.0,18500.0,18151.05,18230.9,1948
2020-10-05 00:00:00+05:30,18450.0,18459.0,18230.9,18402.55,1794
2020-10-06 00:00:00+05:30,18500.0,18841.35,18250.0,18795.8,6108
2020-10-07 00:00:00+05:30,18851.0,19000.0,18500.0,18522.25,2021
2020-10-08 00:00:00+05:30,18769.95,19198.0,18499.7,18896.7,3521
2020-10-09 00:00:00+05:30,18988.0,19549.95,18708.0,19491.4,3258
2020-10-12 00:00:00+05:30,19491.4,19539.0,19101.15,19479.4,1788
2020-10-13 00:00:00+05:30,19400.0,19403.05,18902.0,19141.6,3800
2020-10-14 00:00:00+05:30,19380.0,19380.0,18601.2,19034.5,3914
2020-10-15 00:00:00+05:30,19150.0,19150.0,18674.9,18704.9,1599
2020-10-16 00:00:00+05:30,18945.0,18945.0,18501.6,18695.9,4077
2020-10-19 00:00:00+05:30,18800.0,19000.0,18700.0,18972.85,2342
2020-10-20 00:00:00+05:30,18950.0,19265.0,18698.75,19073.45,2378
2020-10-21 00:00:00+05:30,19200.0,19200.0,18802.0,18951.7,2943
2020-10-22 00:00:00+05:30,18860.8,19142.0,18780.0,18836.75,3288
2020-10-23 00:00:00+05:30,19148.0,19148.0,18822.05,18898.25,2800
2020-10-26 00:00:00+05:30,18910.6,19100.0,18525.0,18602.85,895
2020-10-27 00:00:00+05:30,18525.0,18660.15,18400.0,18454.0,4614
2020-10-28 00:00:00+05:30,18648.0,18648.0,18350.0,18487.8,1450
2020-10-29 00:00:00+05:30,18487.8,18860.0,18390.0,18717.75,2682
2020-10-30 00:00:00+05:30,18699.95,18998.0,18480.0,18675.35,2367
2020-11-02 00:00:00+05:30,18675.3,19299.9,18400.0,19214.6,6612
2020-11-03 00:00:00+05:30,19214.6,19679.95,19021.05,19511.4,11186
2020-11-04 00:00:00+05:30,19511.4,19900.0,19476.05,19619.75,2968
2020-11-05 00:00:00+05:30,19870.0,20250.0,19650.0,20214.25,4231
2020-11-06 00:00:00+05:30,20003.05,20500.0,20003.05,20183.1,4490
2020-11-09 00:00:00+05:30,20250.0,20450.4,20161.0,20427.2,2543
2020-11-10 00:00:00+05:30,20444.0,20700.0,20110.0,20347.35,2904
2020-11-11 00:00:00+05:30,20500.0,20689.0,19800.0,20205.55,4409
2020-11-12 00:00:00+05:30,20062.0,20748.0,19991.55,20725.85,5798
2020-11-13 00:00:00+05:30,20800.0,21200.0,20421.0,20681.4,9982
2020-11-14 00:00:00+05:30,20400.0,20675.1,20300.0,20495.9,967
2020-11-17 00:00:00+05:30,20690.0,21221.0,20561.6,21195.45,7637
2020-11-18 00:00:00+05:30,21193.0,21500.0,20850.05,21396.3,6693
2020-11-19 00:00:00+05:30,21352.0,21584.85,21207.8,21378.1,3534
2020-11-20 00:00:00+05:30,21300.0,21800.0,21245.25,21784.8,5379
2020-11-23 00:00:00+05:30,21785.0,22421.0,21413.55,22330.2,9923
2020-11-24 00:00:00+05:30,22231.0,22894.0,22099.6,22793.85,16440
2020-11-25 00:00:00+05:30,22799.95,22800.0,21655.0,21720.75,8807
2020-11-26 00:00:00+05:30,21700.0,21720.75,20850.0,20920.9,6920
2020-11-27 00:00:00+05:30,21149.9,22146.35,20837.3,21866.9,60948
2020-12-01 00:00:00+05:30,21877.8,22755.0,21427.85,21945.45,10241
2020-12-02 00:00:00+05:30,22149.4,22599.4,21945.5,22420.1,13083
2020-12-03 00:00:00+05:30,22361.0,22800.0,22156.0,22713.4,3356
2020-12-04 00:00:00+05:30,22713.4,22713.4,22155.0,22422.95,3234
2020-12-07 00:00:00+05:30,22390.0,22956.6,22320.3,22869.1,3639
2020-12-08 00:00:00+05:30,22721.0,23000.0,22450.25,22776.95,4175
2020-12-09 00:00:00+05:30,22894.0,22894.0,22500.0,22550.5,2130
2020-12-10 00:00:00+05:30,22300.0,23200.0,22073.15,22523.05,4689
2020-12-11 00:00:00+05:30,22323.05,22689.25,22323.0,22621.9,2289
2020-12-14 00:00:00+05:30,22634.0,23000.0,22350.0,22874.75,3237
2020-12-15 00:00:00+05:30,22900.0,23099.9,22625.0,22982.75,4148
2020-12-16 00:00:00+05:30,23098.1,23100.0,22700.0,22849.1,8180
2020-12-17 00:00:00+05:30,23000.0,23080.0,22500.0,22664.8,2396
2020-12-18 00:00:00+05:30,22460.0,22888.0,21800.0,21980.4,9246
2020-12-21 00:00:00+05:30,22000.15,22499.0,21150.0,21243.05,6411
2020-12-22 00:00:00+05:30,21549.0,21630.0,20800.0,21033.75,7169
2020-12-23 00:00:00+05:30,21288.0,21410.0,21005.25,21077.15,2386
2020-12-24 00:00:00+05:30,21280.0,21290.0,21100.0,21153.2,2538
2020-12-28 00:00:00+05:30,21265.0,21786.25,21150.05,21356.3,2601
2020-12-29 00:00:00+05:30,21402.1,21511.5,21100.0,21170.25,2069
2020-12-30 00:00:00+05:30,21365.0,21365.0,20711.0,20865.6,5617
2020-12-31 00:00:00+05:30,20895.0,21099.0,20800.0,20830.55,3242
2021-01-01 00:00:00+05:30,20830.7,21243.95,20830.7,21127.6,1663
2021-01-04 00:00:00+05:30,21288.0,21300.0,21065.0,21154.65,3043
2021-01-05 00:00:00+05:30,21154.65,21899.0,21011.0,21594.2,3048
2021-01-06 00:00:00+05:30,21775.0,22100.0,21200.0,21458.4,8558
2021-01-07 00:00:00+05:30,21650.0,21700.0,21435.1,21626.0,3515
2021-01-08 00:00:00+05:30,21553.0,21898.95,21331.0,21735.4,15435
2021-01-11 00:00:00+05:30,21910.0,21935.0,21449.75,21727.25,14163
2021-01-12 00:00:00+05:30,21727.0,21778.15,21502.0,21588.4,2681
2021-01-13 00:00:00+05:30,21600.0,21750.0,21211.0,21267.55,4715
2021-01-14 00:00:00+05:30,21489.0,21489.0,21000.0,21100.2,3041
2021-01-15 00:00:00+05:30,21200.0,21247.15,20700.0,20766.85,8978
2021-01-18 00:00:00+05:30,20874.0,21399.9,20501.15,21238.7,4922
2021-01-19 00:00:00+05:30,21500.0,21634.2,21206.3,21464.2,5281
2021-01-20 00:00:00+05:30,21499.0,21546.4,21120.75,21259.65,4467
2021-01-21 00:00:00+05:30,21400.0,21400.0,20700.0,20791.05,11113
2021-01-22 00:00:00+05:30,20792.0,20871.3,20410.05,20473.7,4163
2021-01-25 00:00:00+05:30,20688.0,20744.0,19900.0,20005.2,5633
2021-01-27 00:00:00+05:30,20299.85,20299.9,19796.0,19845.85,9886
2021-01-28 00:00:00+05:30,19800.0,19845.85,19351.1,19399.55,12175
2021-01-29 00:00:00+05:30,19631.0,19684.65,18928.75,19161.5,18837
2021-02-01 00:00:00+05:30,19388.0,19388.0,18777.0,19074.55,17218
2021-02-02 00:00:00+05:30,19328.0,20709.3,19245.0,20617.0,24991
2021-02-03 00:00:00+05:30,20800.0,21200.0,20300.0,21019.9,11582
2021-02-04 00:00:00+05:30,21100.0,21300.0,20714.75,21183.45,11736
2021-02-05 00:00:00+05:30,21220.0,21375.0,20381.55,20907.75,4954
2021-02-08 00:00:00+05:30,20907.75,21549.45,20907.75,21485.05,15009
2021-02-09 00:00:00+05:30,21744.0,21744.0,21100.0,21167.25,2446
2021-02-10 00:00:00+05:30,21185.0,21637.95,21150.0,21577.55,22164
2021-02-11 00:00:00+05:30,21251.0,21412.1,20900.0,20963.25,6514
2021-02-12 00:00:00+05:30,20800.0,21035.85,20675.0,20710.9,2154
2021-02-15 00:00:00+05:30,20939.0,21115.55,20695.4,21010.05,5794
2021-02-16 00:00:00+05:30,20835.0,21500.0,20835.0,21298.05,16907
2021-02-17 00:00:00+05:30,21210.0,22000.0,21104.0,21792.6,10730
2021-02-18 00:00:00+05:30,21850.0,21999.45,21600.0,21802.7,4537
2021-02-19 00:00:00+05:30,21711.0,21900.0,21481.0,21707.35,3462
2021-02-22 00:00:00+05:30,21707.0,21707.0,20948.95,21024.45,8249
2021-02-23 00:00:00+05:30,21211.0,21450.0,20866.45,21015.8,4487
2021-02-24 00:00:00+05:30,21050.0,21898.95,21050.0,21785.55,3519
2021-02-25 00:00:00+05:30,21602.0,22500.0,21516.55,22361.05,8776
2021-02-26 00:00:00+05:30,21872.0,23223.75,21872.0,22832.75,12004
2021-03-01 00:00:00+05:30,23175.0,24500.0,23174.9,24148.65,17103
2021-03-02 00:00:00+05:30,24499.95,25199.9,24145.3,25068.65,9923
2021-03-03 00:00:00+05:30,25150.0,26000.0,24900.0,25962.2,10555
2021-03-04 00:00:00+05:30,25700.0,26532.65,25320.9,26190.9,5399
2021-03-05 00:00:00+05:30,26000.05,26300.1,25102.0,25701.2,6030
2021-03-08 00:00:00+05:30,26149.75,26951.1,25710.0,26553.65,5446
2021-03-09 00:00:00+05:30,26653.65,26972.95,26000.0,26325.6,4945
2021-03-10 00:00:00+05:30,26300.25,26587.55,25635.4,25897.35,2818
2021-03-12 00:00:00+05:30,25804.0,27749.85,25804.0,27335.35,8718
2021-03-15 00:00:00+05:30,27811.0,28400.0,27200.0,27450.7,10404
2021-03-16 00:00:00+05:30,27719.9,28640.1,27630.0,28029.3,9375
2021-03-17 00:00:00+05:30,28000.0,28263.15,27600.0,27961.85,4168
2021-03-18 00:00:00+05:30,28220.0,28434.7,26700.0,27556.45,5536
2021-03-19 00:00:00+05:30,27200.0,28000.05,26675.0,27585.1,11797
2021-03-22 00:00:00+05:30,27585.0,27880.9,26601.0,27435.85,11794
2021-03-23 00:00:00+05:30,27775.0,28200.0,27392.9,28011.75,4075
2021-03-24 00:00:00+05:30,27991.0,28800.0,27619.05,28402.6,10338
2021-03-25 00:00:00+05:30,28102.05,28645.25,27948.05,28259.45,7040
2021-03-26 00:00:00+05:30,28250.0,29207.55,27150.0,28734.9,12380
2021-03-30 00:00:00+05:30,29375.0,30030.0,29020.55,29723.7,10407
2021-03-31 00:00:00+05:30,29550.0,30848.0,29365.0,30436.65,11229
2021-04-01 00:00:00+05:30,30265.0,31000.0,29400.0,29602.95,8475
2021-04-05 00:00:00+05:30,29880.0,29880.0,27810.3,28178.55,6292
2021-04-06 00:00:00+05:30,28300.0,28500.0,27401.0,27599.15,3561
2021-04-07 00:00:00+05:30,27775.0,27896.85,27001.0,27149.4,5154
2021-04-08 00:00:00+05:30,27288.0,28250.0,27112.15,28019.5,4385
2021-04-09 00:00:00+05:30,28098.0,28323.85,27399.85,27624.1,2439
2021-04-12 00:00:00+05:30,26602.0,27368.0,25251.95,25556.45,7743
2021-04-13 00:00:00+05:30,25788.0,26375.05,25299.95,26179.9,4482
2021-04-15 00:00:00+05:30,26499.0,26499.0,25315.0,25532.5,4198
2021-04-16 00:00:00+05:30,25762.25,27201.0,25653.0,27032.25,7549
2021-04-19 00:00:00+05:30,26351.0,27600.0,26100.05,27473.1,8336
2021-04-20 00:00:00+05:30,27600.0,27970.0,26378.95,26511.65,6205
2021-04-22 00:00:00+05:30,26788.0,27200.0,26105.0,27004.05,7824
2021-04-23 00:00:00+05:30,26752.0,27200.0,26201.0,26378.0,2935
2021-04-26 00:00:00+05:30,26378.0,26900.0,25914.55,26181.15,2223
2021-04-27 00:00:00+05:30,26400.15,26476.85,25360.3,25505.3,5262
2021-04-28 00:00:00+05:30,25688.0,25964.35,25499.95,25674.3,4020
2021-04-29 00:00:00+05:30,25799.0,25938.0,25100.1,25494.35,3708
2021-04-30 00:00:00+05:30,25499.0,25768.6,25104.75,25537.95,8051
2021-05-03 00:00:00+05:30,25500.0,26185.25,25283.1,26030.05,1707
2021-05-04 00:00:00+05:30,26035.0,26441.65,25260.3,25360.45,3069
2021-05-05 00:00:00+05:30,25420.0,25799.0,24870.0,24965.3,2822
2021-05-06 00:00:00+05:30,25200.0,25296.55,24687.0,24741.8,1981
2021-05-07 00:00:00+05:30,24995.0,24995.0,24650.0,24730.95,1296
2021-05-10 00:00:00+05:30,24775.0,25270.25,24186.0,24438.05,3508
2021-05-11 00:00:00+05:30,24588.0,25500.0,24300.0,24869.5,7518
2021-05-12 00:00:00+05:30,24869.0,25490.0,24852.25,25293.8,2246
2021-05-14 00:00:00+05:30,25400.0,25494.45,24880.1,25054.1,2533
2021-05-17 00:00:00+05:30,25055.0,25400.0,24869.95,25100.6,3053
2021-05-18 00:00:00+05:30,25551.0,26450.0,25450.05,26104.8,4777
2021-05-19 00:00:00+05:30,26275.0,26400.0,25650.3,25884.1,3076
2021-05-20 00:00:00+05:30,26000.0,26197.85,25450.0,25538.3,2082
2021-05-21 00:00:00+05:30,25938.0,26481.1,25682.25,26092.7,4279
2021-05-24 00:00:00+05:30,26288.0,26297.9,26016.65,26111.8,1808
2021-05-25 00:00:00+05:30,26300.0,26459.4,25866.0,26391.4,2797
2021-05-26 00:00:00+05:30,26500.0,26749.0,26055.15,26338.95,2396
2021-05-27 00:00:00+05:30,26498.0,26710.0,26050.0,26580.25,4072
2021-05-28 00:00:00+05:30,26585.05,27200.0,24948.05,25313.35,18634
2021-05-31 00:00:00+05:30,25499.0,26078.8,25295.35,25536.15,6310
2021-06-01 00:00:00+05:30,25700.0,25847.2,25358.25,25484.0,2902
2021-06-02 00:00:00+05:30,25640.0,26000.0,25543.75,25967.2,3698
2021-06-03 00:00:00+05:30,25967.2,26300.0,25900.0,26261.8,2713
2021-06-04 00:00:00+05:30,26431.8,26648.7,26000.0,26110.45,2347
2021-06-07 00:00:00+05:30,26299.0,26440.0,26164.4,26339.65,1456
2021-06-08 00:00:00+05:30,26429.9,26544.0,26000.05,26305.45,1309
2021-06-09 00:00:00+05:30,26305.45,26449.0,25640.25,25780.75,1991
2021-06-10 00:00:00+05:30,25974.0,26073.7,25820.0,26023.65,2925
2021-06-11 00:00:00+05:30,26030.15,26290.0,25899.55,26153.1,1301
2021-06-14 00:00:00+05:30,25981.0,26623.85,25799.05,25883.35,3573
2021-06-15 00:00:00+05:30,26069.9,26199.1,25615.1,25684.3,2611
2021-06-16 00:00:00+05:30,25764.45,25834.25,25394.0,25473.8,1631
2021-06-17 00:00:00+05:30,25470.0,25547.05,25175.05,25260.9,2137
2021-06-18 00:00:00+05:30,25324.7,25600.0,24861.0,25445.4,10227
2021-06-21 00:00:00+05:30,25205.0,25552.85,25205.0,25411.9,1092
2021-06-22 00:00:00+05:30,25302.0,25649.0,25197.35,25572.35,1610
2021-06-23 00:00:00+05:30,25403.05,25725.5,25336.0,25495.55,1329
2021-06-24 00:00:00+05:30,25500.0,25627.0,25178.0,25258.9,1096
2021-06-25 00:00:00+05:30,25485.0,25485.0,24999.8,25060.45,1449
2021-06-28 00:00:00+05:30,25298.0,25298.0,24678.9,24756.85,2102
2021-06-29 00:00:00+05:30,24800.0,24899.0,24450.0,24501.8,3409
2021-06-30 00:00:00+05:30,24505.0,24777.0,24280.0,24331.55,2972
2021-07-01 00:00:00+05:30,24360.0,24599.35,24250.0,24315.35,1236
2021-07-02 00:00:00+05:30,24490.0,24490.0,24011.0,24198.25,1962
2021-07-05 00:00:00+05:30,24350.0,24475.0,23905.0,23949.65,5997
2021-07-06 00:00:00+05:30,24130.0,24799.9,24086.6,24669.2,6148
2021-07-07 00:00:00+05:30,24898.0,24898.0,24250.0,24327.25,4452
2021-07-08 00:00:00+05:30,24540.0,24540.0,24350.0,24459.3,1412
2021-07-09 00:00:00+05:30,24488.0,24540.0,24341.2,24473.2,1137
2021-07-12 00:00:00+05:30,24600.0,24637.25,24203.5,24250.55,1592
2021-07-13 00:00:00+05:30,24500.0,24500.0,24151.1,24242.05,1702
2021-07-14 00:00:00+05:30,24241.0,24349.05,24150.0,24165.45,983
2021-07-15 00:00:00+05:30,24498.95,24500.0,24156.95,24310.9,1205
2021-07-16 00:00:00+05:30,24311.0,24899.0,24135.3,24733.65,2768
2021-07-19 00:00:00+05:30,24665.0,24688.0,24351.0,24455.5,1248
2021-07-20 00:00:00+05:30,24500.0,24674.0,23932.95,24258.7,3530
2021-07-22 00:00:00+05:30,24449.0,24720.55,24071.0,24108.0,4016
2021-07-23 00:00:00+05:30,24300.0,24300.0,24000.0,24216.95,2311
2021-07-26 00:00:00+05:30,24217.0,24962.0,24090.05,24762.1,3636
2021-07-27 00:00:00+05:30,24898.0,25011.05,24350.0,24973.9,2613
2021-07-28 00:00:00+05:30,24975.0,24990.0,24514.75,24742.3,994
2021-07-29 00:00:00+05:30,24742.3,24889.0,24593.75,24842.0,1094
2021-07-30 00:00:00+05:30,24900.0,24995.0,24511.0,24660.9,1458
2021-08-02 00:00:00+05:30,24874.0,24874.0,24500.0,24672.55,1022
2021-08-03 00:00:00+05:30,24800.0,24812.85,24352.0,24665.65,2134
2021-08-04 00:00:00+05:30,24750.0,24850.0,24335.05,24382.0,1014
2021-08-05 00:00:00+05:30,24400.0,24600.0,24110.0,24416.65,1182
2021-08-06 00:00:00+05:30,24455.0,24620.0,24354.1,24446.8,926
2021-08-09 00:00:00+05:30,24400.0,24587.85,24155.25,24319.6,991
2021-08-10 00:00:00+05:30,24500.0,24500.0,23700.0,23922.7,12585
2021-08-11 00:00:00+05:30,23970.0,24000.05,23500.0,23692.6,1898
2021-08-12 00:00:00+05:30,23810.0,24966.15,23704.85,24596.85,11674
2021-08-13 00:00:00+05:30,24650.0,24650.0,24000.0,24076.2,2093
2021-08-16 00:00:00+05:30,24076.0,24399.4,23800.0,23842.25,1389
2021-08-17 00:00:00+05:30,24100.0,24100.0,23695.0,23780.3,4460
2021-08-18 00:00:00+05:30,23827.05,23835.35,23440.0,23477.0,15171
2021-08-20 00:00:00+05:30,23440.05,23789.95,22700.0,22839.65,7309
2021-08-23 00:00:00+05:30,23199.65,23272.5,22741.95,22799.9,3628
2021-08-24 00:00:00+05:30,22950.0,23228.5,22750.75,23193.25,26375
2021-08-25 00:00:00+05:30,23298.85,23389.95,22678.55,22791.5,4147
2021-08-26 00:00:00+05:30,22818.05,23100.0,22760.0,22828.1,1862
2021-08-27 00:00:00+05:30,22705.1,22805.1,22575.25,22643.35,2514
2021-08-30 00:00:00+05:30,22688.15,23062.45,22618.0,22979.1,21577
2021-08-31 00:00:00+05:30,23100.0,24838.3,23100.0,24391.45,16209
2021-09-01 00:00:00+05:30,24391.45,25304.0,24164.1,25060.1,7005
2021-09-02 00:00:00+05:30,25060.1,25368.0,24400.0,24543.05,4121
2021-09-03 00:00:00+05:30,24900.0,25000.0,24400.0,24537.05,4348
2021-09-06 00:00:00+05:30,24603.0,24989.95,24402.0,24496.25,1442
2021-09-07 00:00:00+05:30,24500.0,24667.95,24120.0,24339.95,1896
2021-09-08 00:00:00+05:30,24500.0,24624.95,24211.15,24341.75,3627
2021-09-09 00:00:00+05:30,24350.05,24538.95,24001.25,24218.35,1147
2021-09-13 00:00:00+05:30,24218.35,25362.95,24134.05,25150.9,18216
2021-09-14 00:00:00+05:30,25260.0,26000.0,25260.0,25705.25,5960
2021-09-15 00:00:00+05:30,25999.9,25999.9,25259.5,25337.85,2531
2021-09-16 00:00:00+05:30,25438.0,25487.0,25100.0,25156.85,19396
2021-09-17 00:00:00+05:30,25300.0,25399.8,24702.05,25235.9,4038
2021-09-20 00:00:00+05:30,25347.0,25347.0,24567.05,25128.0,3534
2021-09-21 00:00:00+05:30,25088.7,25300.0,24870.0,25088.35,9008
2021-09-22 00:00:00+05:30,25250.0,25319.5,24651.25,24724.35,7146
2021-09-23 00:00:00+05:30,24836.6,25570.0,24701.25,25019.9,7564
2021-09-24 00:00:00+05:30,25500.0,25500.0,24703.0,24801.15,2174
2021-09-27 00:00:00+05:30,25100.0,25349.0,24810.95,25131.7,2910
2021-09-28 00:00:00+05:30,25190.0,25270.0,24571.0,24747.6,1346
2021-09-29 00:00:00+05:30,24750.0,24795.35,24500.0,24685.65,1158
2021-09-30 00:00:00+05:30,24720.0,24980.05,24462.5,24832.5,1845
2021-10-01 00:00:00+05:30,24800.0,24900.0,24500.0,24863.2,1336
2021-10-04 00:00:00+05:30,25200.0,25896.0,25001.0,25435.9,14304
2021-10-05 00:00:00+05:30,25435.9,25769.25,25195.2,25254.55,22642
2021-10-06 00:00:00+05:30,25499.9,25995.0,24915.05,25289.55,13066
2021-10-07 00:00:00+05:30,25016.15,25700.0,24850.15,25231.65,3342
2021-10-08 00:00:00+05:30,25252.0,25900.0,24949.95,25653.8,8108
2021-10-11 00:00:00+05:30,25670.0,25862.0,25350.0,25720.0,3685
2021-10-12 00:00:00+05:30,25868.0,26000.0,25501.2,25929.5,31047
2021-10-13 00:00:00+05:30,25929.5,26390.0,25661.2,26158.95,7367
2021-10-14 00:00:00+05:30,26362.0,26500.0,25795.0,26013.1,5776
2021-10-18 00:00:00+05:30,26282.0,26415.0,25825.0,26355.9,3397
2021-10-19 00:00:00+05:30,26450.0,26500.0,25790.0,25981.2,6478
2021-10-20 00:00:00+05:30,25720.0,26549.75,25283.7,26016.7,6201
2021-10-21 00:00:00+05:30,26199.95,26199.95,25590.25,25740.0,3193
2021-10-22 00:00:00+05:30,25650.0,26299.7,25401.2,26187.95,4172
2021-10-25 00:00:00+05:30,26017.0,26299.0,25290.0,26146.9,3346
2021-10-26 00:00:00+05:30,25875.0,26350.0,25801.2,26146.75,2876
2021-10-27 00:00:00+05:30,25994.95,26195.0,25825.15,25962.75,1494
2021-10-28 00:00:00+05:30,26088.0,26088.0,25454.65,25907.45,2006
2021-10-29 00:00:00+05:30,25910.0,25930.0,25290.0,25400.7,1879
2021-11-01 00:00:00+05:30,25522.0,25700.0,25000.0,25560.5,3109
2021-11-02 00:00:00+05:30,25355.0,26500.0,25355.0,26355.15,4476
2021-11-03 00:00:00+05:30,26455.15,26999.0,26350.0,26758.15,3890
2021-11-04 00:00:00+05:30,26605.0,26861.0,26551.9,26669.0,583
2021-11-08 00:00:00+05:30,26700.0,27800.0,26700.0,27396.65,7004
2021-11-09 00:00:00+05:30,27500.0,27662.0,27172.2,27218.0,6114
2021-11-10 00:00:00+05:30,27025.0,27230.05,26850.0,26876.4,1133
2021-11-11 00:00:00+05:30,26705.0,27484.9,26564.2,26992.25,2431
2021-11-12 00:00:00+05:30,27300.0,27300.0,26400.0,26715.8,4272
2021-11-15 00:00:00+05:30,26700.0,26782.9,25885.0,26077.75,2884
2021-11-16 00:00:00+05:30,26080.0,26228.5,25733.65,25856.0,2059
2021-11-17 00:00:00+05:30,25856.0,25961.0,25315.05,25457.0,3703
2021-11-18 00:00:00+05:30,25458.0,25587.65,24872.15,25194.15,1859
2021-11-22 00:00:00+05:30,25200.0,25600.0,25001.0,25250.9,2224
2021-11-23 00:00:00+05:30,25250.0,25674.2,25117.05,25540.85,1643
2021-11-24 00:00:00+05:30,25730.85,25999.9,25327.05,25885.0,1834
2021-11-25 00:00:00+05:30,25885.0,25916.8,25570.0,25831.65,621
2021-11-26 00:00:00+05:30,25899.0,25899.85,25054.0,25185.0,1359
2021-11-29 00:00:00+05:30,25200.0,25200.0,23947.85,24900.25,2639
2021-11-30 00:00:00+05:30,25245.0,25245.0,24600.1,25034.4,2581
2021-12-01 00:00:00+05:30,25300.0,25300.0,24542.3,24745.3,5676
2021-12-02 00:00:00+05:30,24912.7,25134.6,24600.0,24985.55,2116
2021-12-03 00:00:00+05:30,25000.15,25989.9,24957.15,25809.9,2372
2021-12-06 00:00:00+05:30,25809.9,26399.0,24900.0,26080.1,3203
2021-12-07 00:00:00+05:30,26100.0,26351.0,26100.0,26204.25,2204
2021-12-08 00:00:00+05:30,26225.0,26599.4,25510.05,25778.35,3129
2021-12-09 00:00:00+05:30,25778.55,25999.9,25200.1,25323.35,1528
2021-12-10 00:00:00+05:30,25400.0,25588.0,25200.0,25257.65,626
2021-12-13 00:00:00+05:30,25485.0,25485.0,24950.4,25104.05,1182
2021-12-14 00:00:00+05:30,25070.65,25229.45,24700.05,24777.5,1153
2021-12-15 00:00:00+05:30,24935.0,25440.0,24595.0,24668.75,5887
2021-12-16 00:00:00+05:30,24750.0,25041.3,24728.15,24926.6,2818
2021-12-17 00:00:00+05:30,25040.0,25040.0,24461.55,24536.1,4205
2021-12-20 00:00:00+05:30,24401.0,24515.8,23760.0,23812.95,5083
2021-12-21 00:00:00+05:30,24150.9,24280.0,23843.55,24181.25,2952
2021-12-22 00:00:00+05:30,24260.0,25100.0,24110.2,25007.3,2952
2021-12-23 00:00:00+05:30,25100.0,25298.95,24700.0,24812.25,1576
2021-12-24 00:00:00+05:30,24988.7,25525.45,24850.0,25237.85,4198
2021-12-27 00:00:00+05:30,25245.0,25499.0,24802.8,24963.4,4206
2021-12-28 00:00:00+05:30,24972.0,25089.0,24855.6,24969.4,2515
2021-12-29 00:00:00+05:30,25148.0,25163.0,24700.0,24950.05,1470
2021-12-30 00:00:00+05:30,24950.05,25401.55,24850.0,25047.0,4799
2021-12-31 00:00:00+05:30,24989.0,25680.0,24155.65,25360.8,6627
2022-01-03 00:00:00+05:30,25448.0,25890.3,25358.55,25797.2,4475
2022-01-04 00:00:00+05:30,25701.0,25970.0,25507.85,25612.45,5996
2022-01-05 00:00:00+05:30,25640.0,25640.0,25440.0,25555.65,1128
2022-01-06 00:00:00+05:30,25539.0,25630.95,25395.35,25590.9,4247
2022-01-07 00:00:00+05:30,25356.0,25640.0,25356.0,25550.35,3393
2022-01-10 00:00:00+05:30,25305.0,25827.9,25305.0,25564.55,1480
2022-01-11 00:00:00+05:30,25521.0,25741.9,24834.65,25282.6,1787
2022-01-12 00:00:00+05:30,25414.5,25422.1,24978.25,25189.3,2633
2022-01-13 00:00:00+05:30,25319.0,25319.0,24751.1,25267.6,3078
2022-01-14 00:00:00+05:30,25000.0,25170.4,24882.25,25093.7,2642
2022-01-17 00:00:00+05:30,25124.9,25140.0,24900.0,25012.3,1740
2022-01-18 00:00:00+05:30,25028.15,25400.0,24905.0,25215.95,3365
2022-01-19 00:00:00+05:30,25298.0,25298.1,24849.95,25083.55,1806
2022-01-20 00:00:00+05:30,25083.55,25100.0,24904.05,24997.5,1665
2022-01-21 00:00:00+05:30,25044.75,25044.75,24451.3,24703.25,1778
2022-01-24 00:00:00+05:30,24610.0,25000.0,23800.0,24344.05,3270
2022-01-25 00:00:00+05:30,24301.0,25010.0,23920.8,24995.35,3356
2022-01-27 00:00:00+05:30,24968.0,24968.0,23900.0,24060.65,3198
2022-01-28 00:00:00+05:30,24203.0,24883.95,23932.0,24407.4,2971
2022-01-31 00:00:00+05:30,24600.0,25000.0,24153.4,24989.9,5778
2022-02-01 00:00:00+05:30,24989.9,25105.0,24712.25,25019.9,3379
2022-02-02 00:00:00+05:30,25174.85,25187.3,24901.1,24982.75,2637
2022-02-03 00:00:00+05:30,25221.5,25221.5,24520.8,24868.65,3570
2022-02-04 00:00:00+05:30,24620.0,24806.1,24551.1,24744.3,1695
2022-02-07 00:00:00+05:30,24968.0,24968.0,24592.15,24794.0,1664
2022-02-08 00:00:00+05:30,24920.0,26943.0,22126.65,24669.9,3503
2022-02-09 00:00:00+05:30,24948.0,24948.0,23990.0,24083.15,3089
2022-02-10 00:00:00+05:30,24001.0,24347.0,23656.6,23767.95,2447
2022-02-11 00:00:00+05:30,23667.95,23834.95,22601.0,23061.8,4972
2022-02-14 00:00:00+05:30,23055.0,23055.0,22457.0,22585.8,1830
2022-02-15 00:00:00+05:30,22557.0,22843.55,22374.95,22438.85,2142
2022-02-16 00:00:00+05:30,22480.0,22598.85,21901.0,21966.1,4627
2022-02-17 00:00:00+05:30,21966.1,22190.0,21710.05,22004.5,3378
2022-02-18 00:00:00+05:30,22040.0,22040.0,21530.0,21640.45,1548
2022-02-21 00:00:00+05:30,21700.0,22240.85,21500.05,22156.3,3559
2022-02-22 00:00:00+05:30,21501.0,21819.0,21203.4,21320.45,3253
2022-02-23 00:00:00+05:30,21490.0,21499.95,21030.2,21213.4,2423
2022-02-24 00:00:00+05:30,21000.0,21111.55,20300.0,20568.2,4518
2022-02-25 00:00:00+05:30,20989.95,21500.0,20796.7,21415.1,2490
2022-02-28 00:00:00+05:30,21500.0,21749.4,20974.25,21208.4,2052
2022-03-02 00:00:00+05:30,21480.0,21480.0,20730.0,20923.1,1823
2022-03-03 00:00:00+05:30,20905.0,21234.95,20731.75,21081.3,1066
2022-03-04 00:00:00+05:30,20840.0,21045.35,20215.1,20379.35,5957
2022-03-07 00:00:00+05:30,20199.35,20199.35,19600.0,19925.95,15772
2022-03-08 00:00:00+05:30,20099.8,20099.8,19652.0,19902.05,8537
2022-03-09 00:00:00+05:30,20180.0,20180.0,19826.55,19953.15,19116
2022-03-10 00:00:00+05:30,20570.7,20799.95,19970.0,20008.5,6149
2022-03-11 00:00:00+05:30,20008.5,20098.15,19880.05,19897.4,5390
2022-03-14 00:00:00+05:30,19999.95,19999.95,19433.75,19704.95,4640
2022-03-15 00:00:00+05:30,19810.0,20177.75,19451.0,19562.5,6314
2022-03-16 00:00:00+05:30,19650.0,19809.95,19480.0,19679.15,20653
2022-03-17 00:00:00+05:30,19900.0,20249.8,19738.75,20026.75,12906
2022-03-21 00:00:00+05:30,20210.0,20239.95,19755.05,19802.9,4324
2022-03-22 00:00:00+05:30,19949.0,20199.8,19600.0,20040.9,6677
2022-03-23 00:00:00+05:30,20198.0,20799.0,20130.0,20250.35,5094
2022-03-24 00:00:00+05:30,20210.0,20324.65,19899.85,19976.8,2642
2022-03-25 00:00:00+05:30,19999.0,20249.95,19770.0,19845.3,3398
2022-03-28 00:00:00+05:30,20169.0,20169.0,19500.0,19521.4,4060
2022-03-29 00:00:00+05:30,19600.5,20600.0,19374.1,19680.35,7450
2022-03-30 00:00:00+05:30,19911.0,19999.0,19402.0,19528.65,3066
2022-03-31 00:00:00+05:30,19677.0,19998.9,19510.0,19697.3,5993
2022-04-01 00:00:00+05:30,19710.0,20425.75,19680.0,19972.85,4284
2022-04-04 00:00:00+05:30,19999.0,20555.0,19998.95,20418.25,4761
2022-04-05 00:00:00+05:30,20418.25,21638.0,20418.25,21284.75,6074
2022-04-06 00:00:00+05:30,21300.0,21700.0,21100.1,21522.0,3534
2022-04-07 00:00:00+05:30,21555.0,21555.0,20920.0,21104.4,2781
2022-04-08 00:00:00+05:30,21222.0,21490.0,21060.0,21440.7,1338
2022-04-11 00:00:00+05:30,21303.0,21550.0,21299.35,21493.95,2125
2022-04-12 00:00:00+05:30,21400.0,21443.0,21050.0,21378.4,1948
2022-04-13 00:00:00+05:30,21232.0,21400.0,21200.0,21339.95,1099
2022-04-18 00:00:00+05:30,21300.0,21800.0,20729.85,21598.75,3299
2022-04-19 00:00:00+05:30,21699.9,21800.0,21010.0,21257.9,4248
2022-04-20 00:00:00+05:30,21380.0,21398.7,20700.2,20813.6,1922
2022-04-21 00:00:00+05:30,20767.0,21398.0,20767.0,21209.6,1384
2022-04-22 00:00:00+05:30,21001.0,21324.15,20211.55,20481.35,4562
2022-04-25 00:00:00+05:30,20740.0,20740.0,20000.0,20165.0,2509
2022-04-26 00:00:00+05:30,20388.0,20449.95,19950.0,20008.6,1700
2022-04-27 00:00:00+05:30,20100.0,20100.0,19939.6,19968.6,1072
2022-04-28 00:00:00+05:30,20090.0,20344.0,19900.0,20016.95,1111
2022-04-29 00:00:00+05:30,20190.0,20250.0,19831.0,19964.55,1191
2022-05-02 00:00:00+05:30,19806.6,20101.0,19600.0,19831.1,5191
2022-05-04 00:00:00+05:30,19950.0,19950.0,18810.25,19150.3,4062
2022-05-05 00:00:00+05:30,19370.0,19443.95,18505.0,18545.9,3516
2022-05-06 00:00:00+05:30,18550.0,18599.95,18100.0,18449.95,5955
2022-05-09 00:00:00+05:30,18540.0,18979.0,17954.95,18735.75,4659
2022-05-10 00:00:00+05:30,18945.0,18945.0,18099.95,18106.35,5618
2022-05-11 00:00:00+05:30,18111.0,18338.0,17650.0,17778.6,5971
2022-05-12 00:00:00+05:30,17760.0,18349.75,17680.0,17980.25,5251
2022-05-13 00:00:00+05:30,18113.7,18500.0,17862.7,17988.85,2254
2022-05-16 00:00:00+05:30,18149.0,18149.0,17900.2,17975.1,845
2022-05-17 00:00:00+05:30,18150.0,19300.0,17788.8,18641.45,3629
2022-05-18 00:00:00+05:30,18880.0,18880.0,18340.2,18520.95,4142
2022-05-19 00:00:00+05:30,18250.0,18250.0,17940.0,18000.45,1974
2022-05-20 00:00:00+05:30,18380.0,18380.0,17950.0,17995.95,1854
2022-05-23 00:00:00+05:30,18235.0,18235.0,17950.0,17988.4,1332
2022-05-24 00:00:00+05:30,17988.4,18106.95,17950.0,17983.45,1615
2022-05-25 00:00:00+05:30,18119.0,18119.0,17880.0,17926.6,1844
2022-05-26 00:00:00+05:30,17995.0,18003.1,17410.0,17457.7,11420
2022-05-27 00:00:00+05:30,17690.0,17799.0,17273.0,17563.45,5984
2022-05-30 00:00:00+05:30,19800.0,20899.0,19052.0,19475.05,59624
2022-05-31 00:00:00+05:30,19200.0,20494.85,19090.55,20193.8,15248
2022-06-01 00:00:00+05:30,20200.0,21450.0,20200.0,21213.8,12117
2022-06-02 00:00:00+05:30,21350.0,21609.0,20916.05,21357.95,5538
2022-06-03 00:00:00+05:30,21600.0,21786.0,20771.35,21290.4,6906
2022-06-06 00:00:00+05:30,21000.0,21190.0,20620.0,20811.95,3660
2022-06-07 00:00:00+05:30,20769.0,21325.0,20502.15,21187.35,4068
2022-06-08 00:00:00+05:30,21143.0,21358.4,20725.45,20801.7,2208
2022-06-09 00:00:00+05:30,20908.6,20960.0,20611.0,20672.5,1177
2022-06-10 00:00:00+05:30,20611.0,20699.0,20356.55,20484.75,1037
2022-06-13 00:00:00+05:30,20424.0,20424.0,19800.0,20337.25,5259
2022-06-14 00:00:00+05:30,20062.0,20337.2,19792.8,19899.05,1136
2022-06-15 00:00:00+05:30,20000.0,20444.85,19773.05,20278.55,2216
2022-06-16 00:00:00+05:30,20325.0,20487.0,19505.3,19875.35,1454
2022-06-17 00:00:00+05:30,19875.35,20158.65,19411.0,19644.7,8318
2022-06-20 00:00:00+05:30,19670.0,20000.0,19423.65,19594.2,5330
2022-06-21 00:00:00+05:30,19969.0,20041.0,19774.7,19987.4,33745
2022-06-22 00:00:00+05:30,19900.0,19900.0,19634.85,19764.85,54194
2022-06-23 00:00:00+05:30,19898.85,20380.0,19625.0,20300.3,3103
2022-06-24 00:00:00+05:30,20350.0,20626.7,20078.35,20456.45,22800
2022-06-27 00:00:00+05:30,20700.0,20975.0,20100.0,20838.75,20933
2022-06-28 00:00:00+05:30,20531.0,22818.15,20531.0,22013.05,5840
2022-06-29 00:00:00+05:30,22020.0,22857.9,22015.05,22438.45,12570
2022-06-30 00:00:00+05:30,22494.0,22800.0,21566.65,21854.05,5861
2022-07-01 00:00:00+05:30,21950.0,21999.0,21126.05,21905.55,4159
2022-07-04 00:00:00+05:30,21906.0,22450.0,21906.0,22222.15,3830
2022-07-05 00:00:00+05:30,22499.0,22501.0,22223.05,22397.4,2123
2022-07-06 00:00:00+05:30,22400.0,22850.0,22400.0,22723.0,2960
2022-07-07 00:00:00+05:30,22723.25,22850.0,22369.1,22711.3,5170
2022-07-08 00:00:00+05:30,22725.0,23011.25,22521.5,22871.05,3240
2022-07-11 00:00:00+05:30,22701.0,23000.0,22600.05,22869.75,1564
2022-07-12 00:00:00+05:30,22750.0,23125.0,22685.35,22938.05,1876
2022-07-13 00:00:00+05:30,22951.0,23212.2,22881.0,22887.4,2040
2022-07-14 00:00:00+05:30,23000.0,23000.0,22564.9,22700.25,1945
2022-07-15 00:00:00+05:30,22725.0,22961.05,21510.05,21928.35,7380
2022-07-18 00:00:00+05:30,22380.0,22950.0,22052.0,22778.85,2785
2022-07-19 00:00:00+05:30,22654.4,23045.0,22600.0,22918.5,1822
2022-07-20 00:00:00+05:30,23045.0,23279.95,22510.25,22622.55,2186
2022-07-21 00:00:00+05:30,22950.0,23239.95,22675.15,23031.95,1753
2022-07-22 00:00:00+05:30,23000.0,23188.0,22850.0,22990.75,1329
2022-07-25 00:00:00+05:30,22990.75,23099.9,22650.0,22872.2,1227
2022-07-26 00:00:00+05:30,22872.2,23046.55,22742.4,22907.9,812
2022-07-27 00:00:00+05:30,23080.0,23600.0,22050.55,23218.8,4112
2022-07-28 00:00:00+05:30,22993.25,23449.25,22801.15,23120.25,1851
2022-07-29 00:00:00+05:30,23125.0,23400.0,22700.0,22742.8,2889
2022-08-01 00:00:00+05:30,22752.0,23080.0,22500.0,22922.1,3445
2022-08-02 00:00:00+05:30,22980.0,23083.35,22505.55,22771.45,2684
2022-08-03 00:00:00+05:30,22890.0,23015.55,22504.45,22790.1,2103
2022-08-04 00:00:00+05:30,22890.0,23549.0,22523.25,23464.85,5146
2022-08-05 00:00:00+05:30,23500.0,24100.0,23110.0,23702.25,3603
2022-08-08 00:00:00+05:30,23702.25,24100.0,23135.0,23726.05,2383
2022-08-10 00:00:00+05:30,23799.0,24098.85,22523.05,22750.3,11537
2022-08-11 00:00:00+05:30,22950.0,23385.0,22511.3,22726.8,4099
2022-08-12 00:00:00+05:30,22799.0,23000.0,22241.5,22470.05,6132
2022-08-16 00:00:00+05:30,22500.0,22699.95,22222.0,22401.85,5387
2022-08-17 00:00:00+05:30,22500.0,22500.0,22050.0,22380.95,5170
2022-08-18 00:00:00+05:30,22350.0,23300.0,22200.0,23257.4,8464
2022-08-19 00:00:00+05:30,23450.0,23450.0,22710.05,22856.45,2660
2022-08-22 00:00:00+05:30,22856.45,22987.9,22300.0,22361.5,1356
2022-08-23 00:00:00+05:30,22400.0,22500.0,22300.0,22374.35,37109
2022-08-24 00:00:00+05:30,22501.0,22751.0,22208.35,22369.6,3526
2022-08-25 00:00:00+05:30,22700.0,23000.0,22484.25,22855.75,2575
2022-08-26 00:00:00+05:30,23000.0,23250.0,23000.0,23086.5,5702
2022-08-29 00:00:00+05:30,22001.0,23399.0,22000.05,23221.7,4317
2022-08-30 00:00:00+05:30,23255.0,23499.0,22930.85,23314.35,6298
2022-09-01 00:00:00+05:30,23489.0,23510.1,22811.0,22907.4,2172
2022-09-02 00:00:00+05:30,22999.0,23440.0,22813.7,23076.75,3087
2022-09-05 00:00:00+05:30,23229.0,23386.5,22900.0,23244.85,1739
2022-09-06 00:00:00+05:30,23250.1,23337.65,22920.0,22985.2,2045
2022-09-07 00:00:00+05:30,23069.0,23100.0,22600.1,22780.6,16167
2022-09-08 00:00:00+05:30,22825.0,22990.0,22601.0,22739.5,1659
2022-09-09 00:00:00+05:30,22999.95,22999.95,22656.55,22839.95,1150
2022-09-12 00:00:00+05:30,22839.95,22925.0,22725.05,22806.15,6215
2022-09-13 00:00:00+05:30,22949.95,22949.95,22650.0,22802.15,2061
2022-09-14 00:00:00+05:30,22796.0,22835.0,22556.95,22811.15,1179
2022-09-15 00:00:00+05:30,22875.0,22976.75,22550.15,22873.45,2483
2022-09-16 00:00:00+05:30,22628.0,24357.0,22628.0,23938.1,13621
2022-09-19 00:00:00+05:30,24200.0,24200.0,22940.0,23441.9,7648
2022-09-20 00:00:00+05:30,23550.0,24331.75,23449.2,23919.55,4895
2022-09-21 00:00:00+05:30,23900.0,24114.95,22900.0,22986.65,3352
2022-09-22 00:00:00+05:30,23000.0,23970.0,22900.0,23828.25,7067
2022-09-23 00:00:00+05:30,23600.0,23898.95,23100.0,23713.0,8135
2022-09-26 00:00:00+05:30,23240.0,23939.85,22620.0,23743.45,11820
2022-09-27 00:00:00+05:30,23775.0,23907.8,23038.05,23687.7,3691
2022-09-28 00:00:00+05:30,23515.0,23970.0,23200.0,23876.65,3850
2022-09-29 00:00:00+05:30,23996.05,24225.0,23280.5,24086.55,4076
2022-09-30 00:00:00+05:30,23900.0,24850.0,23821.9,24606.3,5968
2022-10-03 00:00:00+05:30,24900.0,24900.0,23675.05,24295.3,4824
2022-10-04 00:00:00+05:30,24400.0,24960.8,24344.6,24792.5,3383
2022-10-06 00:00:00+05:30,24693.0,25209.0,24693.0,25130.7,3704
2022-10-07 00:00:00+05:30,25000.0,25007.0,24365.05,24464.95,7540
2022-10-10 00:00:00+05:30,24305.0,24595.95,24154.95,24517.65,2048
2022-10-11 00:00:00+05:30,24392.0,24397.95,23479.35,23748.1,7825
2022-10-12 00:00:00+05:30,23796.0,23800.0,23332.0,23684.0,3038
2022-10-13 00:00:00+05:30,23552.0,23588.1,23330.0,23384.1,3090
2022-10-14 00:00:00+05:30,23501.05,23628.45,22825.75,23003.45,1856
2022-10-17 00:00:00+05:30,22996.0,24200.0,22743.05,23414.1,5166
2022-10-18 00:00:00+05:30,23515.0,23840.0,23410.0,23683.6,3461
2022-10-19 00:00:00+05:30,23790.0,23821.3,23400.0,23469.7,1088
2022-10-20 00:00:00+05:30,23598.0,23598.0,23066.05,23227.15,2095
2022-10-21 00:00:00+05:30,23343.3,23490.0,22865.1,22954.7,2805
2022-10-24 00:00:00+05:30,23298.7,23298.7,23004.0,23168.2,268
2022-10-25 00:00:00+05:30,23196.0,23323.0,22811.0,22922.1,1041
2022-10-27 00:00:00+05:30,23171.0,23248.0,22506.6,22610.3,1547
2022-10-28 00:00:00+05:30,22610.3,23100.0,22580.3,23040.45,2830
2022-10-31 00:00:00+05:30,23112.0,23321.0,22985.0,23288.3,4536
2022-11-01 00:00:00+05:30,23288.8,23388.0,22860.0,23118.55,2044
2022-11-02 00:00:00+05:30,23234.15,23950.0,23190.0,23408.75,2781
2022-11-03 00:00:00+05:30,23408.75,23500.0,23000.0,23071.5,1897
2022-11-04 00:00:00+05:30,23178.0,23358.95,22801.0,22871.95,1318
2022-11-07 00:00:00+05:30,22986.35,23172.1,22291.0,22400.7,2778
2022-11-09 00:00:00+05:30,22840.0,24163.8,22301.0,23483.95,27624
2022-11-10 00:00:00+05:30,23699.95,23780.0,23280.0,23564.0,5789
2022-11-11 00:00:00+05:30,23950.0,24100.0,23577.1,23680.85,5242
2022-11-14 00:00:00+05:30,23799.0,24648.0,23630.2,24483.7,7862
2022-11-15 00:00:00+05:30,24650.0,24900.0,23844.15,24134.4,6457
2022-11-16 00:00:00+05:30,24150.0,24238.2,23856.1,24014.6,3514
2022-11-17 00:00:00+05:30,24000.0,24170.95,23839.75,24004.75,2679
2022-11-18 00:00:00+05:30,24124.8,24349.0,23957.25,24316.05,3550
2022-11-21 00:00:00+05:30,23970.0,23970.0,23311.0,23738.55,4007
2022-11-22 00:00:00+05:30,23600.0,23738.45,23001.0,23168.15,2662
2022-11-23 00:00:00+05:30,23248.0,23248.0,22900.0,22974.45,2450
2022-11-24 00:00:00+05:30,22998.95,23200.0,22900.0,22929.1,1485
2022-11-25 00:00:00+05:30,22900.0,23187.95,22850.0,22900.8,7329
2022-11-28 00:00:00+05:30,22905.0,23290.5,22765.05,23239.05,12997
2022-11-29 00:00:00+05:30,23239.05,23465.75,23066.3,23399.95,1970
2022-11-30 00:00:00+05:30,23390.0,23559.85,23167.0,23353.5,1930
2022-12-01 00:00:00+05:30,23549.0,23549.0,23300.0,23386.95,2182
2022-12-02 00:00:00+05:30,23210.25,23383.85,23000.0,23149.35,2258
2022-12-05 00:00:00+05:30,23165.0,23237.35,22916.6,23108.35,1739
2022-12-06 00:00:00+05:30,23119.0,23175.15,22974.1,23086.25,1258
2022-12-07 00:00:00+05:30,23149.0,23349.65,22851.0,22996.55,1918
2022-12-08 00:00:00+05:30,23100.0,23143.4,22852.0,22909.45,771
2022-12-09 00:00:00+05:30,23099.0,23400.0,22899.95,23120.3,2013
2022-12-12 00:00:00+05:30,23155.0,23400.0,22925.0,23326.4,1469
2022-12-13 00:00:00+05:30,23388.0,23388.0,23130.05,23279.75,824
2022-12-14 00:00:00+05:30,23348.0,23350.0,23161.0,23268.7,899
2022-12-15 00:00:00+05:30,23200.0,23399.95,23200.0,23331.1,1020
2022-12-16 00:00:00+05:30,23400.0,23493.75,22950.0,23088.5,2759
2022-12-19 00:00:00+05:30,22901.0,23187.8,22811.0,23104.55,1514
2022-12-20 00:00:00+05:30,23240.0,23240.0,22860.05,22917.9,695
2022-12-21 00:00:00+05:30,23139.0,23229.0,22750.0,22873.6,6291
2022-12-22 00:00:00+05:30,22993.0,22993.0,22500.0,22622.5,4890
2022-12-23 00:00:00+05:30,22622.5,23000.0,22150.0,22424.25,2355
2022-12-26 00:00:00+05:30,22255.0,22717.0,22150.0,22386.8,1406
2022-12-27 00:00:00+05:30,22411.0,22615.75,22252.95,22333.05,1141
2022-12-28 00:00:00+05:30,22479.0,22479.0,22026.9,22101.0,1212
2022-12-29 00:00:00+05:30,22190.0,22190.0,21951.6,22017.3,1490
2022-12-30 00:00:00+05:30,22075.05,22188.95,21900.0,21943.1,760
2023-01-02 00:00:00+05:30,22130.0,22130.0,21400.0,21505.7,4561
2023-01-03 00:00:00+05:30,21401.0,21675.0,21300.45,21602.0,10545
2023-01-04 00:00:00+05:30,21800.0,22150.0,21602.05,22050.4,3162
2023-01-05 00:00:00+05:30,22090.0,22400.0,22007.05,22388.0,3679
2023-01-06 00:00:00+05:30,22388.0,22589.0,22164.0,22294.4,1598
2023-01-09 00:00:00+05:30,22375.0,22843.15,22375.0,22762.05,2102
2023-01-10 00:00:00+05:30,22825.0,22825.0,22352.0,22564.15,2110
2023-01-11 00:00:00+05:30,22789.8,22869.0,22031.0,22170.85,1563
2023-01-12 00:00:00+05:30,22371.0,22532.8,22085.0,22335.4,3091
2023-01-13 00:00:00+05:30,22335.4,22477.9,22001.85,22396.6,2505
2023-01-16 00:00:00+05:30,22305.15,22842.3,22305.15,22514.15,2560
2023-01-17 00:00:00+05:30,22514.15,22700.0,22410.0,22611.45,1914
2023-01-18 00:00:00+05:30,22551.05,22725.0,22518.05,22629.5,2187
2023-01-19 00:00:00+05:30,22630.0,22800.0,22500.0,22753.9,1138
2023-01-20 00:00:00+05:30,22753.95,22798.95,22619.15,22707.75,634
2023-01-23 00:00:00+05:30,22707.75,22795.0,22529.95,22756.1,2928
2023-01-24 00:00:00+05:30,22756.1,22868.95,22640.5,22748.55,849
2023-01-25 00:00:00+05:30,22605.0,22799.9,22420.3,22706.6,845
2023-01-27 00:00:00+05:30,22679.95,22744.25,22265.25,22600.5,1854
2023-01-30 00:00:00+05:30,22405.0,22839.95,22275.2,22778.2,1080
2023-01-31 00:00:00+05:30,22645.2,23685.85,22400.0,23329.05,5519
2023-02-01 00:00:00+05:30,23329.05,23439.15,22550.0,22645.45,2366
2023-02-02 00:00:00+05:30,22696.0,23200.0,22513.0,23140.5,2473
2023-02-03 00:00:00+05:30,23149.0,23149.0,22842.8,23033.45,971
2023-02-06 00:00:00+05:30,23100.0,23189.15,22500.0,22612.4,1316
2023-02-07 00:00:00+05:30,22677.95,23198.0,22641.2,22900.05,1490
2023-02-08 00:00:00+05:30,22900.05,23500.0,22750.4,23117.8,19538
2023-02-09 00:00:00+05:30,23250.0,23994.95,23250.0,23528.35,18960
2023-02-10 00:00:00+05:30,23630.0,23969.0,23323.0,23420.35,2825
2023-02-13 00:00:00+05:30,23310.0,23420.3,22813.05,22956.95,1279
2023-02-14 00:00:00+05:30,22999.0,22999.0,22251.0,22376.35,3087
2023-02-15 00:00:00+05:30,22302.0,22579.95,21500.0,21554.0,48590
2023-02-16 00:00:00+05:30,21700.0,22400.0,21558.0,22263.5,7205
2023-02-17 00:00:00+05:30,22200.0,22356.8,21951.55,22177.05,12667
2023-02-20 00:00:00+05:30,22180.0,22387.45,21862.6,22085.05,4923
2023-02-21 00:00:00+05:30,22099.95,22350.5,22063.0,22212.35,1198
2023-02-22 00:00:00+05:30,22348.0,22348.0,21700.0,21809.0,2414
2023-02-23 00:00:00+05:30,21949.95,22439.95,21600.0,22091.15,88819
2023-02-24 00:00:00+05:30,22290.0,22550.0,21700.05,21853.65,4986
2023-02-27 00:00:00+05:30,22000.0,22265.0,21650.0,21944.5,4044
2023-02-28 00:00:00+05:30,22100.0,23199.0,21970.65,22888.85,11895
2023-03-01 00:00:00+05:30,22750.0,22888.7,22403.55,22655.9,2988
2023-03-02 00:00:00+05:30,22748.95,23360.1,22689.6,23315.3,4282
2023-03-03 00:00:00+05:30,23160.0,23349.95,23160.0,23202.8,2485
2023-03-06 00:00:00+05:30,23160.05,23464.4,23100.25,23406.3,3650
2023-03-08 00:00:00+05:30,23498.9,23888.0,23248.75,23627.3,3726
2023-03-09 00:00:00+05:30,23699.0,23801.0,23400.0,23536.2,2385
2023-03-10 00:00:00+05:30,23587.95,23699.5,23330.35,23582.8,8042
2023-03-13 00:00:00+05:30,23582.8,23707.15,23301.35,23540.1,5496
2023-03-14 00:00:00+05:30,23743.75,23743.75,22884.85,23103.15,2087
2023-03-15 00:00:00+05:30,23373.95,23417.95,23169.65,23371.1,1333
2023-03-16 00:00:00+05:30,23500.0,23500.0,22851.7,22982.45,2827
2023-03-17 00:00:00+05:30,23163.1,23350.0,22880.0,22936.35,1281
2023-03-20 00:00:00+05:30,23198.0,23198.0,22125.0,22916.4,7292
2023-03-21 00:00:00+05:30,22996.0,23198.9,22602.0,22733.0,2017
2023-03-22 00:00:00+05:30,22890.0,22899.85,22200.0,22350.75,1807
2023-03-23 00:00:00+05:30,22386.0,22568.0,21741.2,21783.35,3256
2023-03-24 00:00:00+05:30,21900.0,22527.95,21730.0,22323.05,2615
2023-03-27 00:00:00+05:30,22323.05,22879.75,22204.6,22752.6,3456
2023-03-28 00:00:00+05:30,22751.0,22948.0,22208.4,22768.4,4724
2023-03-29 00:00:00+05:30,22650.0,23250.0,22589.0,23095.0,1977
2023-03-31 00:00:00+05:30,23095.95,23284.4,22800.0,22963.85,2677
2023-04-03 00:00:00+05:30,23189.95,23189.95,22572.1,22669.1,2155
2023-04-05 00:00:00+05:30,22699.8,22783.65,22440.05,22667.65,3427
2023-04-06 00:00:00+05:30,22700.0,23400.0,22261.55,23328.25,5069
2023-04-10 00:00:00+05:30,23400.0,23400.0,22700.0,22780.45,2474
2023-04-11 00:00:00+05:30,22846.0,23409.95,22808.7,23281.9,2655
2023-04-12 00:00:00+05:30,23200.0,23280.85,23000.1,23031.9,1263
2023-04-13 00:00:00+05:30,23035.0,23300.0,22698.95,22861.6,2381
2023-04-17 00:00:00+05:30,22920.05,23000.0,22750.0,22966.3,2138
2023-04-18 00:00:00+05:30,22978.0,22999.7,22766.5,22839.0,1136
2023-04-19 00:00:00+05:30,22919.0,22978.95,22700.0,22777.45,970
2023-04-20 00:00:00+05:30,22878.0,22878.0,22540.0,22627.85,3268
2023-04-21 00:00:00+05:30,22658.9,22714.7,22300.0,22347.9,1055
2023-04-24 00:00:00+05:30,22400.0,22765.5,22125.25,22412.95,6232
2023-04-25 00:00:00+05:30,22382.95,22800.0,22160.75,22296.2,23477
2023-04-26 00:00:00+05:30,22296.2,22550.0,22259.35,22425.7,3083
2023-04-27 00:00:00+05:30,22449.95,22650.0,22327.1,22611.75,2202
2023-04-28 00:00:00+05:30,22600.1,22679.95,22296.2,22548.2,2270
2023-05-02 00:00:00+05:30,22548.2,22580.0,22356.0,22390.0,2285
2023-05-03 00:00:00+05:30,22359.95,23100.0,22201.0,23016.25,3358
2023-05-04 00:00:00+05:30,23000.0,23666.6,22862.15,23529.95,9294
2023-05-05 00:00:00+05:30,23500.0,23794.0,23200.0,23387.55,3118
2023-05-08 00:00:00+05:30,23400.0,24076.2,23400.0,23785.65,2469
2023-05-09 00:00:00+05:30,23785.65,24089.9,23785.05,23927.45,13938
2023-05-10 00:00:00+05:30,24098.95,24113.4,23550.1,23669.1,1289
2023-05-11 00:00:00+05:30,23800.0,23999.8,23511.0,23601.3,1238
2023-05-12 00:00:00+05:30,23602.4,23948.65,23251.05,23495.6,9516
2023-05-15 00:00:00+05:30,23534.45,23617.65,23195.0,23233.45,4389
2023-05-16 00:00:00+05:30,23205.0,23384.4,23201.0,23299.25,7150
2023-05-17 00:00:00+05:30,23207.0,23469.9,23001.0,23312.75,1948
2023-05-18 00:00:00+05:30,23312.8,23500.0,23312.75,23363.35,620
2023-05-19 00:00:00+05:30,23398.05,24004.0,23340.0,23911.9,2607
2023-05-22 00:00:00+05:30,23911.9,24439.85,23854.85,24304.25,3854
2023-05-23 00:00:00+05:30,24299.95,24299.95,23904.1,24062.55,1770
2023-05-24 00:00:00+05:30,24062.55,24400.0,24044.45,24283.15,1337
2023-05-25 00:00:00+05:30,24283.15,24400.0,23828.25,23962.05,1093
2023-05-26 00:00:00+05:30,23962.0,24600.0,23823.85,24216.55,3086
2023-05-29 00:00:00+05:30,24226.5,24341.45,23939.95,24147.25,1365
2023-05-30 00:00:00+05:30,24160.0,25077.95,23805.0,24817.45,12792
2023-05-31 00:00:00+05:30,25000.0,25319.0,24617.9,25153.45,7874
2023-06-01 00:00:00+05:30,25153.45,26450.0,25014.1,26290.7,9503
2023-06-02 00:00:00+05:30,26340.0,26501.9,26055.45,26253.95,5070
2023-06-05 00:00:00+05:30,26350.0,26897.0,26200.0,26804.2,6486
2023-06-06 00:00:00+05:30,26800.0,27497.0,26576.0,27423.6,4225
2023-06-07 00:00:00+05:30,27415.0,27717.45,26800.0,26962.15,7947
2023-06-08 00:00:00+05:30,26999.7,27511.9,26561.0,26693.0,3838
2023-06-09 00:00:00+05:30,26800.0,27172.5,26434.35,26529.35,6060
2023-06-12 00:00:00+05:30,26660.3,26660.3,26329.45,26517.55,1935
2023-06-13 00:00:00+05:30,26547.95,27089.9,26547.95,26947.0,1649
2023-06-14 00:00:00+05:30,26940.0,28500.0,26888.0,28143.15,5785
2023-06-15 00:00:00+05:30,28249.75,28483.8,27550.0,27750.15,4592
2023-06-16 00:00:00+05:30,27987.95,28009.95,27755.0,27930.65,4793
2023-06-19 00:00:00+05:30,27930.65,28150.0,27775.0,27812.9,988
2023-06-20 00:00:00+05:30,27870.0,27921.25,27563.15,27679.55,1341
2023-06-21 00:00:00+05:30,27738.75,27965.9,27000.0,27249.7,3946
2023-06-22 00:00:00+05:30,27448.0,27507.95,26512.0,26642.95,2448
2023-06-23 00:00:00+05:30,26744.0,27399.0,26581.5,26977.0,3532
2023-06-26 00:00:00+05:30,27050.0,27594.0,26995.1,27508.0,1682
2023-06-27 00:00:00+05:30,27582.0,27749.95,27420.0,27680.85,1761
2023-06-28 00:00:00+05:30,27778.65,27800.0,27100.05,27231.7,1373
2023-06-30 00:00:00+05:30,27496.0,27700.0,26700.0,27012.7,4638
2023-07-03 00:00:00+05:30,27298.95,27428.0,27012.7,27226.15,2637
2023-07-04 00:00:00+05:30,27450.0,27489.95,27000.0,27077.45,1357
2023-07-05 00:00:00+05:30,27130.4,27450.0,27100.05,27326.3,1396
2023-07-06 00:00:00+05:30,27336.0,28248.0,27156.0,27361.45,14453
2023-07-07 00:00:00+05:30,27361.45,27400.0,26902.2,26997.85,2083
2023-07-10 00:00:00+05:30,27000.0,28100.0,26754.1,27820.4,10453
2023-07-11 00:00:00+05:30,27820.4,28306.55,27736.55,27972.4,3003
2023-07-12 00:00:00+05:30,28200.0,28577.7,27905.25,28454.9,2617
2023-07-13 00:00:00+05:30,28690.0,28950.0,28412.25,28842.95,2963
2023-07-14 00:00:00+05:30,28999.0,29190.0,27450.0,28597.45,2935
2023-07-17 00:00:00+05:30,28360.05,28700.0,28159.0,28313.35,1946
2023-07-18 00:00:00+05:30,28313.35,28434.55,27861.0,27929.5,1769
2023-07-19 00:00:00+05:30,28139.0,28368.0,27719.45,27912.5,1378
2023-07-20 00:00:00+05:30,28177.0,28854.95,27860.3,28159.3,2207
2023-07-21 00:00:00+05:30,28202.0,28442.45,27750.05,28015.7,1569
2023-07-24 00:00:00+05:30,28015.7,28596.0,27983.3,28280.85,8629
2023-07-25 00:00:00+05:30,28250.0,28544.35,27980.0,28238.15,2072
2023-07-26 00:00:00+05:30,28237.0,28349.9,27875.0,27955.75,1568
2023-07-27 00:00:00+05:30,28000.0,28137.45,27530.0,27730.75,1205
2023-07-28 00:00:00+05:30,27924.0,28100.0,27710.0,27791.75,2161
2023-07-31 00:00:00+05:30,27899.0,29029.0,27776.5,28922.55,5342
2023-08-01 00:00:00+05:30,28987.0,29097.9,28501.0,28590.45,14027
2023-08-02 00:00:00+05:30,28647.7,28890.0,27777.1,28267.15,3309
2023-08-03 00:00:00+05:30,28345.0,28665.55,28144.1,28509.45,1750
2023-08-04 00:00:00+05:30,28650.0,28776.85,27555.0,28165.5,1338
2023-08-07 00:00:00+05:30,28050.0,28539.55,27030.0,27407.55,5426
2023-08-08 00:00:00+05:30,27600.0,28005.0,27362.5,27493.6,2420
2023-08-09 00:00:00+05:30,27504.45,27696.05,26628.0,26828.15,5135
2023-08-10 00:00:00+05:30,26990.0,28334.75,26650.25,28119.45,17315
2023-08-11 00:00:00+05:30,27862.35,29750.0,27728.2,29469.3,10075
2023-08-14 00:00:00+05:30,29451.05,29464.9,28469.0,28680.35,3895
2023-08-16 00:00:00+05:30,28650.0,29296.35,28420.05,28746.55,3761
2023-08-17 00:00:00+05:30,28739.0,29283.2,28692.45,29174.65,2543
2023-08-18 00:00:00+05:30,29124.65,29549.95,28638.8,29126.7,2629
2023-08-21 00:00:00+05:30,29126.7,29443.0,28666.0,29034.2,2220
2023-08-22 00:00:00+05:30,29275.0,29600.0,29000.0,29580.55,2279
2023-08-23 00:00:00+05:30,29580.55,30450.0,29177.0,30242.65,5384
2023-08-24 00:00:00+05:30,30350.0,30657.1,30281.1,30548.9,2085
2023-08-25 00:00:00+05:30,30548.9,30722.25,30032.35,30355.05,1787
2023-08-28 00:00:00+05:30,30600.0,30722.2,30386.85,30470.8,2553
2023-08-29 00:00:00+05:30,30564.9,31989.0,30387.05,31581.15,6072
2023-08-30 00:00:00+05:30,31581.15,31750.0,31431.55,31684.65,2573
2023-08-31 00:00:00+05:30,31431.6,31649.6,31046.0,31153.55,2911
2023-09-01 00:00:00+05:30,31400.0,31400.0,31001.0,31151.35,2486
2023-09-04 00:00:00+05:30,31690.0,33250.0,31150.05,32820.85,7304
2023-09-05 00:00:00+05:30,32821.0,33033.15,32233.65,32440.1,4944
2023-09-06 00:00:00+05:30,32699.95,32712.95,31989.4,32497.9,13051
2023-09-07 00:00:00+05:30,32589.0,32589.0,32000.0,32130.15,3672
2023-09-08 00:00:00+05:30,32335.0,33193.1,32015.15,32914.85,3707
2023-09-11 00:00:00+05:30,32715.0,33249.85,32385.05,32694.25,1664
2023-09-12 00:00:00+05:30,32800.0,32800.0,31650.1,31716.2,4737
2023-09-13 00:00:00+05:30,31799.95,32269.95,31001.0,31135.35,5980
2023-09-14 00:00:00+05:30,31149.0,31490.15,30906.1,31111.45,1580
2023-09-15 00:00:00+05:30,31300.0,31384.4,30120.1,30366.8,4559
2023-09-18 00:00:00+05:30,30853.45,30853.45,30100.0,30168.85,1781
2023-09-20 00:00:00+05:30,30100.0,30393.2,29610.0,30055.85,1884
2023-09-21 00:00:00+05:30,30055.85,30772.4,29800.25,29913.05,2308
2023-09-22 00:00:00+05:30,29806.0,31450.0,29806.0,31285.1,6861
2023-09-25 00:00:00+05:30,31113.0,31975.85,31113.0,31693.15,3369
2023-09-26 00:00:00+05:30,31522.0,31949.0,30834.85,30952.6,5232
2023-09-27 00:00:00+05:30,31150.0,31355.95,31032.2,31177.8,1499
2023-09-28 00:00:00+05:30,31225.95,31399.65,30600.0,30864.75,1288
2023-09-29 00:00:00+05:30,31000.0,32885.0,30839.25,31805.85,7504
2023-10-03 00:00:00+05:30,31900.0,32064.75,31312.25,31376.65,1746
2023-10-04 00:00:00+05:30,31448.0,31537.4,30742.6,30946.45,1864
2023-10-05 00:00:00+05:30,31328.0,31328.0,30464.5,30904.35,3267
2023-10-06 00:00:00+05:30,30950.0,31399.75,30850.0,31150.1,1739
2023-10-09 00:00:00+05:30,31000.0,31080.0,30601.0,30824.4,1138
2023-10-10 00:00:00+05:30,30954.3,31298.95,30848.3,30880.1,1133
2023-10-11 00:00:00+05:30,31032.0,31400.0,30870.05,31098.75,1692
2023-10-12 00:00:00+05:30,31377.75,31377.75,30651.0,31003.75,5129
2023-10-13 00:00:00+05:30,31271.0,31271.0,30782.0,30815.75,1868
2023-10-16 00:00:00+05:30,30625.0,31115.05,30550.2,30619.75,4457
2023-10-17 00:00:00+05:30,30894.95,30938.55,30500.1,30681.8,897
2023-10-18 00:00:00+05:30,30785.0,30787.95,30101.0,30376.0,1840
2023-10-19 00:00:00+05:30,30398.0,30672.8,30200.0,30441.8,962
2023-10-20 00:00:00+05:30,30488.0,30673.45,30001.0,30092.7,1124
2023-10-23 00:00:00+05:30,30032.0,30175.95,29250.0,29390.05,1379
2023-10-25 00:00:00+05:30,29615.0,29899.55,28920.85,29307.1,2330
2023-10-26 00:00:00+05:30,29307.1,29499.85,28870.0,29170.15,3270
2023-10-27 00:00:00+05:30,29101.5,29998.95,29101.45,29775.4,2905
2023-10-30 00:00:00+05:30,29884.0,29884.0,29500.0,29597.6,805
2023-10-31 00:00:00+05:30,29650.05,29869.95,29500.0,29762.7,1045
2023-11-01 00:00:00+05:30,29829.1,30500.05,29590.5,30320.9,2663
2023-11-02 00:00:00+05:30,30320.9,31450.0,30320.9,31325.25,3070
2023-11-03 00:00:00+05:30,31329.0,31450.0,31059.9,31289.1,1210
2023-11-06 00:00:00+05:30,31310.0,31661.95,31310.0,31450.75,1258
2023-11-07 00:00:00+05:30,31450.75,31500.0,31083.05,31321.0,1484
2023-11-08 00:00:00+05:30,31294.7,31675.5,31239.15,31479.85,1295
2023-11-09 00:00:00+05:30,31362.0,31788.0,31261.6,31726.55,1981
2023-11-10 00:00:00+05:30,31726.0,32409.35,31350.05,31558.0,6310
2023-11-12 00:00:00+05:30,32090.0,32090.0,31580.0,31699.55,427
2023-11-13 00:00:00+05:30,31847.0,31881.45,31000.0,31256.6,3790
2023-11-15 00:00:00+05:30,31350.05,31500.0,31040.0,31147.6,948
2023-11-16 00:00:00+05:30,31104.0,31487.85,30602.0,30706.15,2816
2023-11-17 00:00:00+05:30,30888.0,30986.05,30286.0,30357.4,2063
2023-11-20 00:00:00+05:30,30513.65,30978.0,29850.0,30729.6,2292
2023-11-21 00:00:00+05:30,30739.0,31231.0,30647.9,30957.2,2328
2023-11-22 00:00:00+05:30,30988.0,30996.55,30621.1,30728.25,1248
2023-11-23 00:00:00+05:30,30900.0,31101.0,30573.0,30721.55,1250
2023-11-24 00:00:00+05:30,30600.0,30769.55,30230.0,30325.2,1311
2023-11-28 00:00:00+05:30,30325.2,30898.0,30306.0,30424.0,4700
2023-11-29 00:00:00+05:30,30584.95,30584.95,30194.9,30247.9,1522
2023-11-30 00:00:00+05:30,30427.75,31220.0,30330.1,31037.8,12835
2023-12-01 00:00:00+05:30,31101.0,31486.95,30600.0,31088.45,3005
2023-12-04 00:00:00+05:30,31088.45,31650.0,30900.25,31354.6,7884
2023-12-05 00:00:00+05:30,31354.6,31495.55,31100.3,31395.05,4177
2023-12-06 00:00:00+05:30,31450.0,31450.0,30730.0,30843.85,3367
2023-12-07 00:00:00+05:30,31100.0,31648.95,30900.3,31496.1,2320
2023-12-08 00:00:00+05:30,31500.0,31531.45,31199.0,31479.7,865
2023-12-11 00:00:00+05:30,31607.0,31934.35,31250.1,31807.2,3611
2023-12-12 00:00:00+05:30,31807.2,31807.2,31090.0,31215.45,1592
2023-12-13 00:00:00+05:30,31489.9,31600.0,31175.0,31498.45,1108
2023-12-14 00:00:00+05:30,31490.55,31644.0,31032.1,31144.7,2505
2023-12-15 00:00:00+05:30,31386.0,31424.15,30996.0,31193.05,1945
2023-12-18 00:00:00+05:30,30832.05,31395.1,30777.0,31016.05,1436
2023-12-19 00:00:00+05:30,31169.0,31580.0,31000.0,31469.45,2661
2023-12-20 00:00:00+05:30,31469.45,31530.0,30500.0,30717.45,1791
2023-12-21 00:00:00+05:30,30717.4,31699.9,30469.55,31358.3,3384
2023-12-22 00:00:00+05:30,31468.95,31563.55,30993.0,31182.0,1812
2023-12-26 00:00:00+05:30,31127.0,31489.85,31078.1,31447.6,1511
2023-12-27 00:00:00+05:30,31570.0,37438.4,31570.0,36389.95,88939
2023-12-28 00:00:00+05:30,35402.65,36193.4,34833.75,35091.35,24253
2023-12-29 00:00:00+05:30,35091.95,39876.1,34852.2,37309.15,54528
2024-01-01 00:00:00+05:30,37000.0,37500.0,36405.0,36659.95,10350
2024-01-02 00:00:00+05:30,36868.95,36934.2,35150.05,35633.95,9804
2024-01-03 00:00:00+05:30,35900.0,36451.9,33532.7,34236.75,18794
2024-01-04 00:00:00+05:30,34688.95,34732.7,34200.0,34321.8,6087
2024-01-05 00:00:00+05:30,34325.0,34775.0,33850.0,34696.95,4835
2024-01-08 00:00:00+05:30,34700.0,35103.75,33812.95,34070.6,5414
2024-01-09 00:00:00+05:30,34339.0,34788.0,34000.8,34155.0,3829
2024-01-10 00:00:00+05:30,34101.0,34327.95,33632.8,34046.65,5599
2024-01-11 00:00:00+05:30,34389.0,34448.0,34000.0,34098.65,1428
2024-01-12 00:00:00+05:30,34368.0,34368.0,33941.05,34091.4,1700
2024-01-15 00:00:00+05:30,34092.0,34746.85,34000.0,34514.4,3579
2024-01-16 00:00:00+05:30,34566.95,34699.75,34100.0,34335.2,1705
2024-01-17 00:00:00+05:30,34335.2,34669.4,33861.6,34345.4,3171
2024-01-18 00:00:00+05:30,34339.0,34418.5,33701.0,34092.75,3290
2024-01-19 00:00:00+05:30,34249.0,34484.85,33805.2,33916.0,2994
2024-01-20 00:00:00+05:30,34260.0,34260.0,33500.0,33829.5,2358
2024-01-23 00:00:00+05:30,34850.0,34850.0,33305.0,33527.7,4424
2024-01-24 00:00:00+05:30,34188.0,34649.9,33605.25,34470.95,4769
2024-01-25 00:00:00+05:30,34166.0,34756.1,33950.0,34048.25,2771
2024-01-29 00:00:00+05:30,34259.95,34259.95,33456.0,33724.15,2703
2024-01-30 00:00:00+05:30,33860.0,34059.95,33569.0,33655.55,1639
2024-01-31 00:00:00+05:30,33655.55,34659.05,33655.55,34408.35,4845
2024-02-01 00:00:00+05:30,34450.85,34500.0,33700.0,33803.85,2999
2024-02-02 00:00:00+05:30,33998.9,34039.0,32800.0,32868.8,5414
2024-02-05 00:00:00+05:30,32975.0,32975.0,32201.0,32380.95,6870
2024-02-06 00:00:00+05:30,32580.95,33769.0,32411.25,33123.25,6875
2024-02-07 00:00:00+05:30,33500.0,34000.0,33320.3,33972.65,7492
2024-02-08 00:00:00+05:30,34054.7,34587.15,32900.0,33112.1,6665
2024-02-09 00:00:00+05:30,33886.0,33886.0,32024.95,32642.65,7037
2024-02-12 00:00:00+05:30,32699.9,32897.8,31701.0,31792.65,3434
2024-02-13 00:00:00+05:30,31825.0,31992.65,31201.0,31471.15,4281
2024-02-14 00:00:00+05:30,31479.6,31599.95,30835.0,30947.25,3942
2024-02-15 00:00:00+05:30,30947.25,31174.4,30507.7,30788.35,4826
2024-02-16 00:00:00+05:30,30987.8,31200.0,30800.1,30897.35,1961
2024-02-19 00:00:00+05:30,31225.1,31666.2,30800.0,30918.4,8782
2024-02-20 00:00:00+05:30,31111.0,31516.15,31000.0,31384.6,3214
2024-02-21 00:00:00+05:30,31500.0,31520.0,30909.0,31009.25,2801
2024-02-22 00:00:00+05:30,31277.0,31277.0,30411.2,30515.65,9309
2024-02-23 00:00:00+05:30,30800.0,31185.0,30250.1,30379.65,4440
2024-02-26 00:00:00+05:30,30567.8,30948.0,30420.05,30742.55,2454
2024-02-27 00:00:00+05:30,30817.0,31411.9,30817.0,31246.15,3400
2024-02-28 00:00:00+05:30,31446.15,31446.15,30400.0,30669.45,3537
2024-02-29 00:00:00+05:30,30798.2,32380.7,30570.0,31977.65,5454
2024-03-01 00:00:00+05:30,32275.0,32275.0,31500.0,31714.35,7287
2024-03-02 00:00:00+05:30,31849.8,32000.0,31650.0,31837.7,116
2024-03-04 00:00:00+05:30,31836.0,31836.05,30550.0,30656.0,4602
2024-03-05 00:00:00+05:30,30815.9,30885.8,30005.05,30115.65,15807
2024-03-06 00:00:00+05:30,30200.0,30544.4,30116.1,30323.7,2769
2024-03-07 00:00:00+05:30,30325.9,30778.0,30266.0,30480.55,2582
2024-03-11 00:00:00+05:30,30315.25,30647.65,30001.05,30101.85,1471
2024-03-12 00:00:00+05:30,30448.0,31132.45,30005.55,30843.2,3630
2024-03-13 00:00:00+05:30,30843.2,30900.0,29905.1,30246.55,6237
2024-03-14 00:00:00+05:30,30246.55,30446.15,29400.0,30133.15,4529
2024-03-15 00:00:00+05:30,30249.0,30369.3,29400.0,29594.45,21361
2024-03-18 00:00:00+05:30,29595.0,29620.85,29241.15,29516.1,1842
2024-03-19 00:00:00+05:30,29748.0,30104.3,29203.4,29678.9,6670
2024-03-20 00:00:00+05:30,29678.9,30200.0,29260.0,30038.95,7617
2024-03-21 00:00:00+05:30,30337.0,30337.0,29877.6,30049.25,8054
2024-03-22 00:00:00+05:30,30200.0,30900.0,30144.5,30728.4,2103
2024-03-26 00:00:00+05:30,31000.0,31000.0,30319.75,30487.15,2225
2024-03-27 00:00:00+05:30,30788.0,31657.45,30179.85,31475.1,9289
2024-03-28 00:00:00+05:30,31475.1,31475.1,31032.05,31193.35,6634
2024-04-01 00:00:00+05:30,30800.0,31449.95,30430.0,30533.2,3789
2024-04-02 00:00:00+05:30,30800.0,30821.0,29851.15,30277.65,5529
2024-04-03 00:00:00+05:30,30277.0,30561.9,30200.05,30269.1,2567
2024-04-04 00:00:00+05:30,30497.0,30600.0,30001.0,30326.5,5277
2024-04-05 00:00:00+05:30,30200.0,30500.0,30200.0,30348.45,1553
2024-04-08 00:00:00+05:30,30348.45,30556.45,29957.0,29990.55,5893
2024-04-09 00:00:00+05:30,30199.95,30439.4,29956.45,30050.0,16194
2024-04-10 00:00:00+05:30,30348.0,30348.95,29770.0,29850.9,2535
2024-04-12 00:00:00+05:30,30150.0,30150.0,29501.1,29611.1,1897
2024-04-15 00:00:00+05:30,29610.0,29610.0,29001.0,29186.3,3467
2024-04-16 00:00:00+05:30,29186.3,29959.05,28907.05,29759.6,4399
2024-04-18 00:00:00+05:30,29942.3,29999.95,29250.5,29385.25,2183
2024-04-19 00:00:00+05:30,29380.0,29749.95,29000.0,29660.5,1820
2024-04-22 00:00:00+05:30,29789.65,30491.95,29673.05,29831.85,3303
2024-04-23 00:00:00+05:30,29831.85,29986.0,29680.15,29755.7,1215
2024-04-24 00:00:00+05:30,30000.0,30700.0,29905.95,30283.4,6752
2024-04-25 00:00:00+05:30,30202.05,30300.05,29865.0,29975.6,4976
2024-04-26 00:00:00+05:30,29981.4,30419.4,29500.0,29967.95,4523
2024-04-29 00:00:00+05:30,29967.95,30324.4,29600.0,30024.05,7846
2024-04-30 00:00:00+05:30,30043.0,30599.95,29936.15,30468.1,6040
2024-05-02 00:00:00+05:30,30600.0,30600.0,29600.05,29733.25,11917
2024-05-03 00:00:00+05:30,29886.0,30198.0,29351.15,29696.8,13550
2024-05-06 00:00:00+05:30,29732.35,29860.6,29511.9,29595.3,1531
2024-05-07 00:00:00+05:30,29625.0,29881.85,29120.05,29625.2,2882
2024-05-08 00:00:00+05:30,29689.0,29748.2,29001.35,29124.2,4658
2024-05-09 00:00:00+05:30,29200.0,29351.9,28625.0,28834.65,5379
2024-05-10 00:00:00+05:30,28865.0,28865.0,28614.45,28694.3,1520
2024-05-13 00:00:00+05:30,28715.0,29170.9,28500.0,28927.85,4917
2024-05-14 00:00:00+05:30,28927.85,29349.9,28726.0,28879.4,4462
2024-05-15 00:00:00+05:30,28942.65,29199.0,28498.95,28619.05,2795
2024-05-16 00:00:00+05:30,28686.25,30301.0,28686.25,30006.15,31105
2024-05-17 00:00:00+05:30,30114.8,30919.0,29899.95,30312.85,11068
2024-05-18 00:00:00+05:30,30200.05,31389.0,30200.05,31096.65,2096
2024-05-21 00:00:00+05:30,31137.0,31689.9,30500.0,31535.15,6497
2024-05-22 00:00:00+05:30,31506.4,31655.3,31116.05,31189.3,6537
2024-05-23 00:00:00+05:30,31210.25,31299.9,30932.0,30997.75,1306
