date,open,high,low,close,volume
2019-01-01 00:00:00+05:30,143.7,143.7,141.1,141.55,375222
2019-01-02 00:00:00+05:30,141.65,145.45,131.15,137.55,1068245
2019-01-03 00:00:00+05:30,137.5,142.2,137.2,140.1,801882
2019-01-04 00:00:00+05:30,140.15,145.25,137.7,138.65,1672774
2019-01-07 00:00:00+05:30,139.35,143.15,139.25,140.55,404535
2019-01-08 00:00:00+05:30,140.6,141.4,136.75,137.55,2064341
2019-01-09 00:00:00+05:30,138.9,140.05,136.85,137.45,1183918
2019-01-10 00:00:00+05:30,138.15,139.25,136.5,137.0,1350592
2019-01-11 00:00:00+05:30,137.95,138.4,135.55,136.3,207638
2019-01-14 00:00:00+05:30,136.65,137.4,134.3,135.55,773730
2019-01-15 00:00:00+05:30,135.95,136.7,133.5,134.75,873026
2019-01-16 00:00:00+05:30,135.1,136.25,132.25,135.55,503125
2019-01-17 00:00:00+05:30,136.15,137.45,132.35,133.2,1503872
2019-01-18 00:00:00+05:30,133.55,134.25,131.4,132.6,578853
2019-01-21 00:00:00+05:30,132.6,133.4,132.0,132.75,1137377
2019-01-22 00:00:00+05:30,132.35,133.5,130.1,132.85,2298811
2019-01-23 00:00:00+05:30,133.05,134.3,132.05,133.35,513740
2019-01-24 00:00:00+05:30,132.7,133.3,130.9,131.55,730727
2019-01-25 00:00:00+05:30,131.9,132.75,128.7,129.45,687144
2019-01-28 00:00:00+05:30,128.6,135.75,126.75,133.1,457522
2019-01-29 00:00:00+05:30,133.8,133.8,128.4,129.85,582734
2019-01-30 00:00:00+05:30,130.9,130.9,128.55,129.3,362635
2019-01-31 00:00:00+05:30,129.85,140.55,129.85,137.75,2610991
2019-02-01 00:00:00+05:30,137.95,141.25,137.95,139.4,1294723
2019-02-04 00:00:00+05:30,140.5,142.55,135.0,140.5,1090201
2019-02-05 00:00:00+05:30,140.4,141.05,135.2,138.65,826021
2019-02-06 00:00:00+05:30,137.8,139.5,133.9,137.4,1698994
2019-02-07 00:00:00+05:30,137.9,139.0,135.25,135.65,1199166
2019-02-08 00:00:00+05:30,136.2,136.5,131.9,133.05,718955
2019-02-11 00:00:00+05:30,132.9,134.4,130.9,131.25,645603
2019-02-12 00:00:00+05:30,132.05,134.8,130.4,131.75,755448
2019-02-13 00:00:00+05:30,137.65,137.65,134.05,136.25,2564076
2019-02-14 00:00:00+05:30,136.25,136.25,131.8,133.15,748519
2019-02-15 00:00:00+05:30,131.15,134.6,131.15,132.5,269616
2019-02-18 00:00:00+05:30,132.95,133.75,130.05,130.5,412839
2019-02-19 00:00:00+05:30,130.4,134.3,130.4,133.6,872468
2019-02-20 00:00:00+05:30,136.7,139.1,133.4,134.6,1925766
2019-02-21 00:00:00+05:30,136.4,140.3,135.0,138.15,1735504
2019-02-22 00:00:00+05:30,139.15,140.1,136.3,138.55,1632656
2019-02-25 00:00:00+05:30,139.15,141.0,137.3,137.85,538112
2019-02-26 00:00:00+05:30,136.7,137.7,135.1,135.6,513403
2019-02-27 00:00:00+05:30,135.8,137.15,132.15,132.8,2284266
2019-02-28 00:00:00+05:30,133.1,135.5,132.9,134.5,1576065
2019-03-01 00:00:00+05:30,134.8,135.65,132.85,134.05,629743
2019-03-05 00:00:00+05:30,133.85,136.3,133.05,134.75,3818712
2019-03-06 00:00:00+05:30,137.0,137.2,133.85,135.5,2509982
2019-03-07 00:00:00+05:30,136.35,138.85,134.15,137.9,2689022
2019-03-08 00:00:00+05:30,138.65,143.5,137.2,140.15,4006563
2019-03-11 00:00:00+05:30,140.75,142.05,139.15,139.8,4220363
2019-03-12 00:00:00+05:30,140.6,147.65,140.05,146.45,9107933
2019-03-13 00:00:00+05:30,147.1,151.7,147.1,149.3,3520909
2019-03-14 00:00:00+05:30,147.5,149.35,144.6,145.4,2093379
2019-03-15 00:00:00+05:30,145.55,147.25,143.55,144.65,1649061
2019-03-18 00:00:00+05:30,145.45,147.75,144.55,146.2,1313879
2019-03-19 00:00:00+05:30,147.85,147.85,144.2,145.1,566563
2019-03-20 00:00:00+05:30,144.75,145.85,142.8,143.45,1131562
2019-03-22 00:00:00+05:30,143.45,145.45,143.25,143.65,2600459
2019-03-25 00:00:00+05:30,142.55,145.0,141.6,143.75,3138338
2019-03-26 00:00:00+05:30,142.95,146.4,142.55,146.2,1449162
2019-03-27 00:00:00+05:30,145.65,148.35,144.4,146.65,1395611
2019-03-28 00:00:00+05:30,146.65,147.85,144.95,147.35,4227112
2019-03-29 00:00:00+05:30,147.4,151.25,144.65,150.2,2535025
2019-04-01 00:00:00+05:30,151.55,153.6,148.85,150.15,1585889
2019-04-02 00:00:00+05:30,151.85,154.55,149.65,152.75,2475634
2019-04-03 00:00:00+05:30,154.2,156.0,149.5,150.15,2732616
2019-04-04 00:00:00+05:30,149.85,151.05,147.55,149.2,1295501
2019-04-05 00:00:00+05:30,149.5,152.1,148.65,150.95,991167
2019-04-08 00:00:00+05:30,152.05,153.6,150.4,152.8,1141768
2019-04-09 00:00:00+05:30,153.05,153.05,145.7,147.65,963862
2019-04-10 00:00:00+05:30,150.3,151.15,147.75,148.1,885809
2019-04-11 00:00:00+05:30,148.25,148.8,146.3,147.25,651874
2019-04-12 00:00:00+05:30,148.3,148.3,146.05,146.6,675872
2019-04-15 00:00:00+05:30,146.9,150.1,146.4,148.65,1078197
2019-04-16 00:00:00+05:30,150.25,150.35,147.05,149.4,1679706
2019-04-18 00:00:00+05:30,150.1,151.05,145.8,148.7,1217651
2019-04-22 00:00:00+05:30,151.25,151.25,148.2,149.3,956423
2019-04-23 00:00:00+05:30,150.05,150.05,146.25,146.95,558358
2019-04-24 00:00:00+05:30,146.5,149.45,146.5,147.8,660956
2019-04-25 00:00:00+05:30,149.95,150.05,147.55,147.8,638351
2019-04-26 00:00:00+05:30,147.85,148.7,146.9,147.75,534243
2019-04-30 00:00:00+05:30,148.05,150.2,145.95,149.65,1066985
2019-05-02 00:00:00+05:30,152.25,156.1,147.5,148.35,3644221
2019-05-03 00:00:00+05:30,149.35,151.05,146.65,148.4,1351422
2019-05-06 00:00:00+05:30,147.2,148.7,145.6,148.05,417153
2019-05-07 00:00:00+05:30,148.65,148.65,145.7,146.2,779206
2019-05-08 00:00:00+05:30,145.7,146.4,141.75,142.75,577390
2019-05-09 00:00:00+05:30,142.75,144.5,141.15,143.25,478008
2019-05-10 00:00:00+05:30,143.5,144.4,141.55,142.15,217160
2019-05-13 00:00:00+05:30,142.35,142.45,137.1,138.95,715591
2019-05-14 00:00:00+05:30,139.2,140.6,137.9,139.5,206670
2019-05-15 00:00:00+05:30,140.3,140.3,137.2,139.4,272343
2019-05-16 00:00:00+05:30,138.25,139.5,136.65,137.65,800477
2019-05-17 00:00:00+05:30,136.7,146.9,135.85,138.7,2063125
2019-05-20 00:00:00+05:30,140.6,146.35,140.1,144.8,1883890
2019-05-21 00:00:00+05:30,144.8,145.75,143.8,144.5,597802
2019-05-22 00:00:00+05:30,142.95,144.5,142.55,143.85,289128
2019-05-23 00:00:00+05:30,147.7,147.7,142.55,143.9,777337
2019-05-24 00:00:00+05:30,143.75,147.4,143.75,146.9,942979
2019-05-27 00:00:00+05:30,149.35,150.25,147.75,148.15,1432667
2019-05-28 00:00:00+05:30,148.85,149.8,146.0,148.35,1080993
2019-05-29 00:00:00+05:30,148.8,149.1,144.5,145.0,353243
2019-05-30 00:00:00+05:30,145.15,147.85,143.5,147.0,991762
2019-05-31 00:00:00+05:30,147.0,153.5,146.4,152.4,2440339
2019-06-03 00:00:00+05:30,153.2,153.6,149.35,150.4,423001
2019-06-04 00:00:00+05:30,150.2,152.35,147.05,148.15,619527
2019-06-06 00:00:00+05:30,148.15,150.05,145.2,145.5,867020
2019-06-07 00:00:00+05:30,147.0,147.0,141.8,144.85,426965
2019-06-10 00:00:00+05:30,144.65,145.15,141.75,142.1,755736
2019-06-11 00:00:00+05:30,141.65,146.4,141.55,145.2,551462
2019-06-12 00:00:00+05:30,145.0,149.25,143.3,144.3,313784
2019-06-13 00:00:00+05:30,144.3,145.15,141.45,142.7,936302
2019-06-14 00:00:00+05:30,143.8,143.8,141.55,141.75,461679
2019-06-17 00:00:00+05:30,142.55,142.9,140.0,141.85,1274212
2019-06-18 00:00:00+05:30,141.45,144.65,141.3,143.85,478185
2019-06-19 00:00:00+05:30,143.5,144.85,141.85,142.55,627840
2019-06-20 00:00:00+05:30,141.9,146.0,141.9,145.35,1114018
2019-06-21 00:00:00+05:30,145.5,147.85,144.65,146.25,934710
2019-06-24 00:00:00+05:30,146.4,150.3,144.35,149.35,1561336
2019-06-25 00:00:00+05:30,149.4,154.65,147.9,154.0,1377479
2019-06-26 00:00:00+05:30,154.65,159.3,150.7,154.2,3568492
2019-06-27 00:00:00+05:30,153.7,156.7,152.25,153.55,1699278
2019-06-28 00:00:00+05:30,153.25,154.55,151.05,152.75,901287
2019-07-01 00:00:00+05:30,153.85,154.7,148.25,149.25,1113868
2019-07-02 00:00:00+05:30,149.95,151.15,147.45,148.3,624884
2019-07-03 00:00:00+05:30,148.35,149.8,146.7,147.4,1029064
2019-07-04 00:00:00+05:30,147.05,148.3,146.85,147.55,257475
2019-07-05 00:00:00+05:30,148.55,148.55,145.5,145.9,741363
2019-07-08 00:00:00+05:30,145.45,145.95,140.9,143.35,513416
2019-07-09 00:00:00+05:30,142.05,146.9,142.05,143.25,987250
2019-07-10 00:00:00+05:30,144.1,145.35,142.85,143.8,562575
2019-07-11 00:00:00+05:30,144.6,145.9,143.3,144.5,1113898
2019-07-12 00:00:00+05:30,145.25,145.95,142.75,143.7,461657
2019-07-15 00:00:00+05:30,144.3,144.6,138.35,140.05,538403
2019-07-16 00:00:00+05:30,139.45,141.55,138.05,140.65,359121
2019-07-17 00:00:00+05:30,141.1,143.5,141.0,142.1,922112
2019-07-18 00:00:00+05:30,142.55,144.85,141.85,143.4,353024
2019-07-19 00:00:00+05:30,143.95,144.15,139.75,140.65,752369
2019-07-22 00:00:00+05:30,139.7,141.35,138.8,140.95,259197
2019-07-23 00:00:00+05:30,140.7,141.55,135.2,139.15,1623868
2019-07-24 00:00:00+05:30,139.95,144.25,138.25,143.45,937180
2019-07-25 00:00:00+05:30,143.5,145.3,140.0,141.05,403266
2019-07-26 00:00:00+05:30,141.75,141.9,139.15,139.85,299631
2019-07-29 00:00:00+05:30,139.85,141.1,134.75,135.3,425035
2019-07-30 00:00:00+05:30,134.8,140.0,134.65,139.5,651562
2019-07-31 00:00:00+05:30,137.8,139.65,135.75,138.95,904517
2019-08-01 00:00:00+05:30,138.15,139.4,135.25,136.45,271149
2019-08-02 00:00:00+05:30,136.05,136.7,132.85,133.7,590965
2019-08-05 00:00:00+05:30,133.25,133.8,127.8,131.3,337496
2019-08-06 00:00:00+05:30,133.7,137.9,132.15,137.0,2872711
2019-08-07 00:00:00+05:30,136.65,140.1,133.0,135.65,854834
2019-08-08 00:00:00+05:30,134.8,137.2,133.8,136.55,218529
2019-08-09 00:00:00+05:30,136.55,138.6,133.85,136.05,2070551
2019-08-13 00:00:00+05:30,134.9,135.55,130.5,132.25,655476
2019-08-14 00:00:00+05:30,132.25,133.55,128.15,130.6,2231763
2019-08-16 00:00:00+05:30,130.9,131.45,126.3,128.45,1562779
2019-08-19 00:00:00+05:30,129.45,132.2,125.85,130.9,906136
2019-08-20 00:00:00+05:30,131.85,131.85,127.0,127.65,961051
2019-08-21 00:00:00+05:30,127.55,128.4,123.4,125.45,2121593
2019-08-22 00:00:00+05:30,125.1,126.35,119.75,122.3,2683652
2019-08-23 00:00:00+05:30,121.2,132.45,117.6,131.85,1923765
2019-08-26 00:00:00+05:30,131.0,132.6,127.05,131.9,721175
2019-08-27 00:00:00+05:30,131.9,136.25,128.75,133.5,1124325
2019-08-28 00:00:00+05:30,131.9,135.55,131.9,134.35,605388
2019-08-29 00:00:00+05:30,133.05,135.55,130.3,134.7,638563
2019-08-30 00:00:00+05:30,134.7,135.75,131.9,134.8,286234
2019-09-03 00:00:00+05:30,132.95,134.6,129.95,130.3,381672
2019-09-04 00:00:00+05:30,129.95,130.95,128.25,128.95,129080
2019-09-05 00:00:00+05:30,129.65,131.0,124.2,128.0,563220
2019-09-06 00:00:00+05:30,128.4,129.7,127.55,128.8,270838
2019-09-09 00:00:00+05:30,129.45,131.45,129.05,130.85,178561
2019-09-11 00:00:00+05:30,130.8,132.4,128.95,130.6,271845
2019-09-12 00:00:00+05:30,130.6,131.75,129.45,130.35,214786
2019-09-13 00:00:00+05:30,130.8,131.2,127.55,128.7,475728
2019-09-16 00:00:00+05:30,129.25,131.15,128.05,128.8,356752
2019-09-17 00:00:00+05:30,128.95,129.05,125.6,126.1,715940
2019-09-18 00:00:00+05:30,130.65,132.25,127.8,130.05,3017105
2019-09-19 00:00:00+05:30,130.05,131.9,125.55,130.75,1287276
2019-09-20 00:00:00+05:30,133.8,146.35,131.4,144.55,3111494
2019-09-23 00:00:00+05:30,153.2,158.05,153.2,155.6,12093836
2019-09-24 00:00:00+05:30,156.35,156.35,147.75,155.0,3305506
2019-09-25 00:00:00+05:30,154.1,154.65,149.35,150.25,458038
2019-09-26 00:00:00+05:30,150.3,152.65,147.6,150.25,1132109
2019-09-27 00:00:00+05:30,150.85,151.85,146.9,149.75,549237
2019-09-30 00:00:00+05:30,149.35,157.0,145.45,154.95,1895030
2019-10-01 00:00:00+05:30,155.15,155.25,147.7,148.7,549295
2019-10-03 00:00:00+05:30,149.35,151.75,148.35,149.9,3056157
2019-10-04 00:00:00+05:30,151.15,154.2,148.55,151.3,2935257
2019-10-07 00:00:00+05:30,151.85,152.25,149.5,151.45,1382267
2019-10-09 00:00:00+05:30,151.65,154.0,148.0,149.4,2079944
2019-10-10 00:00:00+05:30,148.9,151.55,145.75,147.25,1772908
2019-10-11 00:00:00+05:30,147.75,149.15,144.65,146.1,1034555
2019-10-14 00:00:00+05:30,146.4,148.5,145.7,147.4,566832
2019-10-15 00:00:00+05:30,148.3,148.85,143.5,144.55,1060448
2019-10-16 00:00:00+05:30,145.0,145.4,141.85,144.5,1372565
2019-10-17 00:00:00+05:30,145.4,148.55,142.9,147.25,1023709
2019-10-18 00:00:00+05:30,147.25,148.8,143.5,144.85,1395616
2019-10-22 00:00:00+05:30,145.25,148.55,143.65,147.7,955721
2019-10-23 00:00:00+05:30,147.8,150.3,145.25,145.85,1021186
2019-10-24 00:00:00+05:30,146.4,147.55,144.85,146.75,866593
2019-10-25 00:00:00+05:30,147.55,147.65,144.95,146.25,800775
2019-10-27 00:00:00+05:30,148.65,149.15,146.4,147.55,144358
2019-10-29 00:00:00+05:30,148.1,150.0,146.2,146.65,949739
2019-10-30 00:00:00+05:30,147.8,148.85,144.75,145.45,1204394
2019-10-31 00:00:00+05:30,146.3,148.8,144.7,147.4,834478
2019-11-01 00:00:00+05:30,148.2,149.65,145.95,146.5,1159597
2019-11-04 00:00:00+05:30,146.25,149.0,146.25,147.9,1561632
2019-11-05 00:00:00+05:30,150.3,153.2,146.05,146.9,1564214
2019-11-06 00:00:00+05:30,146.75,147.55,144.95,146.7,634718
2019-11-07 00:00:00+05:30,147.3,147.4,145.7,146.25,275685
2019-11-08 00:00:00+05:30,145.85,146.65,144.5,144.8,273589
2019-11-11 00:00:00+05:30,144.5,145.95,140.2,142.1,725503
2019-11-13 00:00:00+05:30,146.4,153.1,144.0,151.15,4970033
2019-11-14 00:00:00+05:30,152.05,153.0,145.9,150.55,1820197
2019-11-15 00:00:00+05:30,150.3,153.1,147.6,149.95,865508
2019-11-18 00:00:00+05:30,149.9,150.7,147.85,149.65,337163
2019-11-19 00:00:00+05:30,150.3,150.4,146.15,148.65,1420352
2019-11-20 00:00:00+05:30,149.25,149.25,147.25,147.6,811669
2019-11-21 00:00:00+05:30,146.6,149.3,146.3,147.2,592187
2019-11-22 00:00:00+05:30,147.75,147.75,144.5,145.05,504211
2019-11-25 00:00:00+05:30,145.45,148.15,144.6,147.2,1625274
2019-11-26 00:00:00+05:30,148.15,148.35,142.05,143.6,1152496
2019-11-27 00:00:00+05:30,144.3,147.3,143.05,145.1,1046364
2019-11-28 00:00:00+05:30,145.45,146.7,143.65,144.25,552323
2019-11-29 00:00:00+05:30,144.45,147.15,142.95,144.85,1020614
2019-12-02 00:00:00+05:30,144.5,145.25,143.5,144.3,617031
2019-12-03 00:00:00+05:30,144.3,145.65,143.7,144.15,396589
2019-12-04 00:00:00+05:30,144.5,144.85,143.25,144.15,914293
2019-12-05 00:00:00+05:30,145.45,146.4,142.75,143.65,585581
2019-12-06 00:00:00+05:30,144.45,144.85,141.75,143.85,802931
2019-12-09 00:00:00+05:30,143.85,146.7,142.75,143.65,558604
2019-12-10 00:00:00+05:30,143.55,144.4,141.1,142.2,438374
2019-12-11 00:00:00+05:30,142.55,143.2,134.1,142.0,3408817
2019-12-12 00:00:00+05:30,141.65,142.55,136.55,139.15,1136191
2019-12-13 00:00:00+05:30,139.65,143.4,138.95,142.2,1471507
2019-12-16 00:00:00+05:30,142.3,145.25,139.85,141.8,557575
2019-12-17 00:00:00+05:30,142.85,145.45,141.0,144.95,1246537
2019-12-18 00:00:00+05:30,145.6,145.6,139.9,140.8,1718614
2019-12-19 00:00:00+05:30,138.65,141.45,136.9,137.7,577141
2019-12-20 00:00:00+05:30,137.85,139.15,133.95,136.7,1670861
2019-12-23 00:00:00+05:30,136.05,140.4,135.1,139.3,1089924
2019-12-24 00:00:00+05:30,139.65,141.3,138.25,140.6,886238
2019-12-26 00:00:00+05:30,140.2,141.35,136.45,139.25,1199876
2019-12-27 00:00:00+05:30,139.65,145.2,138.75,144.2,1912084
2019-12-30 00:00:00+05:30,143.45,145.95,137.8,139.3,1780717
2019-12-31 00:00:00+05:30,138.45,141.2,137.0,140.6,1269220
2020-01-01 00:00:00+05:30,140.6,141.45,139.25,139.85,165804
2020-01-02 00:00:00+05:30,140.2,146.4,139.2,143.1,1709736
2020-01-03 00:00:00+05:30,141.1,142.85,139.75,141.45,423838
2020-01-06 00:00:00+05:30,140.6,141.4,136.1,136.75,429177
2020-01-07 00:00:00+05:30,138.55,139.5,136.3,136.65,1239756
2020-01-08 00:00:00+05:30,135.75,136.0,133.25,135.0,1229080
2020-01-09 00:00:00+05:30,136.15,137.95,134.6,135.45,1020507
2020-01-10 00:00:00+05:30,135.95,137.05,132.35,133.9,976134
2020-01-13 00:00:00+05:30,135.6,135.6,133.35,133.8,627376
2020-01-14 00:00:00+05:30,134.25,136.4,132.55,135.75,2132906
2020-01-15 00:00:00+05:30,135.75,137.2,132.7,133.65,918939
2020-01-16 00:00:00+05:30,134.25,137.55,133.15,136.95,936757
2020-01-17 00:00:00+05:30,136.7,141.55,135.1,141.1,1178647
2020-01-20 00:00:00+05:30,140.6,141.45,138.2,139.05,1805202
2020-01-21 00:00:00+05:30,137.25,140.1,137.25,139.75,1289681
2020-01-22 00:00:00+05:30,139.3,141.35,139.15,139.85,259384
2020-01-23 00:00:00+05:30,140.05,141.65,137.5,139.85,892968
2020-01-24 00:00:00+05:30,139.65,141.1,139.45,140.7,369939
2020-01-27 00:00:00+05:30,140.6,143.25,138.45,138.9,552589
2020-01-28 00:00:00+05:30,140.9,140.9,135.05,135.8,1691372
2020-01-29 00:00:00+05:30,135.25,138.05,135.25,136.0,633177
2020-01-30 00:00:00+05:30,136.7,138.05,135.3,136.45,1835011
2020-01-31 00:00:00+05:30,138.6,138.65,134.05,138.0,741427
2020-02-01 00:00:00+05:30,138.65,138.65,133.55,134.5,638773
2020-02-03 00:00:00+05:30,134.55,137.35,133.4,136.6,621298
2020-02-04 00:00:00+05:30,137.2,138.2,135.1,136.15,2052242
2020-02-05 00:00:00+05:30,136.95,137.2,135.0,135.9,603699
2020-02-06 00:00:00+05:30,135.95,137.7,135.95,137.25,993146
2020-02-07 00:00:00+05:30,137.7,138.45,135.15,135.9,847486
2020-02-10 00:00:00+05:30,135.25,136.25,132.85,133.7,927149
2020-02-11 00:00:00+05:30,135.75,135.75,134.1,134.8,647159
2020-02-12 00:00:00+05:30,135.6,135.6,133.45,133.75,293393
2020-02-13 00:00:00+05:30,133.8,134.9,128.85,130.15,1550973
2020-02-14 00:00:00+05:30,129.85,130.9,128.85,130.0,814316
2020-02-17 00:00:00+05:30,130.35,130.9,126.95,127.55,1757198
2020-02-18 00:00:00+05:30,127.05,128.75,122.85,126.95,813007
2020-02-19 00:00:00+05:30,128.4,133.65,126.65,133.0,816722
2020-02-20 00:00:00+05:30,133.0,137.5,130.15,135.8,1595579
2020-02-24 00:00:00+05:30,135.65,135.65,132.85,133.8,1282785
2020-02-25 00:00:00+05:30,135.75,136.7,134.1,135.65,1374071
2020-02-26 00:00:00+05:30,134.55,136.9,133.8,136.05,2359742
2020-02-27 00:00:00+05:30,136.05,137.05,132.4,136.7,876761
2020-02-28 00:00:00+05:30,131.15,133.35,123.3,130.9,3998485
2020-03-02 00:00:00+05:30,130.1,134.45,126.1,129.8,7787218
2020-03-03 00:00:00+05:30,129.95,131.65,124.15,128.95,1786410
2020-03-04 00:00:00+05:30,127.4,128.9,117.6,120.1,3422586
2020-03-05 00:00:00+05:30,120.7,122.05,111.5,115.35,6090459
2020-03-06 00:00:00+05:30,111.5,119.15,109.75,117.25,3353267
2020-03-09 00:00:00+05:30,115.1,115.35,108.6,111.85,1405897
2020-03-11 00:00:00+05:30,111.5,112.4,108.35,110.65,1863953
2020-03-12 00:00:00+05:30,106.05,113.85,93.5,106.75,22334797
2020-03-13 00:00:00+05:30,97.0,113.1,97.0,111.65,5905797
2020-03-16 00:00:00+05:30,103.0,107.1,96.8,105.85,4839890
2020-03-17 00:00:00+05:30,102.8,105.85,96.0,96.7,3423615
2020-03-18 00:00:00+05:30,97.3,99.85,84.0,87.3,2123144
2020-03-19 00:00:00+05:30,83.9,85.15,78.55,81.0,1936729
2020-03-20 00:00:00+05:30,81.45,89.2,79.7,87.85,1185499
2020-03-23 00:00:00+05:30,77.55,83.1,71.0,72.4,1689718
2020-03-24 00:00:00+05:30,73.2,78.25,71.05,74.8,1077745
2020-03-25 00:00:00+05:30,71.75,78.55,69.9,73.25,4500085
2020-03-26 00:00:00+05:30,72.35,80.45,71.1,75.9,2806522
2020-03-27 00:00:00+05:30,76.6,78.8,71.85,73.6,1182462
2020-03-30 00:00:00+05:30,73.6,75.25,71.05,72.9,1521079
2020-03-31 00:00:00+05:30,74.65,74.65,71.1,72.75,1486962
2020-04-01 00:00:00+05:30,72.25,74.2,68.15,69.8,2894243
2020-04-03 00:00:00+05:30,71.55,71.55,66.9,67.25,1366409
2020-04-07 00:00:00+05:30,72.75,72.75,67.65,71.65,2846860
2020-04-08 00:00:00+05:30,72.65,77.95,70.4,72.75,4437091
2020-04-09 00:00:00+05:30,73.7,75.1,72.15,73.05,2133834
2020-04-13 00:00:00+05:30,72.75,72.9,70.0,70.25,2702124
2020-04-15 00:00:00+05:30,70.0,82.25,70.0,79.75,8459540
2020-04-16 00:00:00+05:30,76.6,80.95,75.8,78.25,3379542
2020-04-17 00:00:00+05:30,81.45,82.4,77.65,78.05,1411332
2020-04-20 00:00:00+05:30,81.25,82.35,78.65,78.95,1357352
2020-04-21 00:00:00+05:30,77.55,77.55,74.05,77.2,6414218
2020-04-22 00:00:00+05:30,79.35,81.4,74.4,75.35,8148535
2020-04-23 00:00:00+05:30,74.9,79.5,74.9,76.3,4369248
2020-04-24 00:00:00+05:30,75.25,78.25,73.05,73.7,2661638
2020-04-27 00:00:00+05:30,74.05,77.4,71.55,71.95,1700497
2020-04-28 00:00:00+05:30,72.6,73.7,71.15,72.8,3017846
2020-04-29 00:00:00+05:30,72.95,74.1,72.75,73.05,577946
2020-04-30 00:00:00+05:30,73.35,78.55,73.35,77.5,4315162
2020-05-04 00:00:00+05:30,74.65,74.65,70.25,70.45,2108486
2020-05-05 00:00:00+05:30,72.2,72.2,70.0,70.9,6917037
2020-05-06 00:00:00+05:30,71.6,71.6,68.95,69.3,610641
2020-05-07 00:00:00+05:30,69.0,69.6,67.55,67.85,1193631
2020-05-08 00:00:00+05:30,68.85,69.55,63.7,65.2,1234290
2020-05-11 00:00:00+05:30,64.4,66.3,63.1,64.05,1762454
2020-05-12 00:00:00+05:30,64.1,64.45,62.55,62.95,1223815
2020-05-13 00:00:00+05:30,67.9,67.9,64.15,65.15,2365332
2020-05-14 00:00:00+05:30,63.5,64.75,63.2,63.7,971197
2020-05-15 00:00:00+05:30,63.2,66.35,62.6,65.8,3612259
2020-05-18 00:00:00+05:30,63.05,63.05,60.2,60.4,1937766
2020-05-19 00:00:00+05:30,62.05,62.9,60.35,62.35,986903
2020-05-20 00:00:00+05:30,62.55,62.95,61.6,62.15,487321
2020-05-21 00:00:00+05:30,63.05,68.5,62.7,67.35,3204529
2020-05-22 00:00:00+05:30,66.4,69.05,65.65,67.0,1564339
2020-05-26 00:00:00+05:30,67.6,68.75,65.3,65.7,958008
2020-05-27 00:00:00+05:30,66.8,67.6,64.7,65.65,1196244
2020-05-28 00:00:00+05:30,67.0,72.0,66.95,71.4,4546406
2020-05-29 00:00:00+05:30,72.35,73.7,70.45,73.3,2254158
2020-06-01 00:00:00+05:30,77.5,82.4,76.65,81.6,7847902
2020-06-02 00:00:00+05:30,83.2,83.2,81.25,81.65,3560435
2020-06-03 00:00:00+05:30,83.4,83.5,79.65,80.3,3220620
2020-06-04 00:00:00+05:30,80.05,81.7,78.85,81.1,2024362
2020-06-05 00:00:00+05:30,82.9,90.6,81.65,88.5,6842885
2020-06-08 00:00:00+05:30,91.9,93.55,85.6,86.5,4123359
2020-06-09 00:00:00+05:30,87.4,89.9,83.1,86.4,7617167
2020-06-10 00:00:00+05:30,86.4,92.1,86.4,89.85,5386416
2020-06-11 00:00:00+05:30,86.6,90.65,82.8,88.15,9128852
2020-06-12 00:00:00+05:30,82.4,86.8,82.4,86.1,1852969
2020-06-15 00:00:00+05:30,86.0,88.0,83.4,84.35,1938994
2020-06-16 00:00:00+05:30,85.85,86.5,78.85,81.8,3231353
2020-06-17 00:00:00+05:30,82.1,83.0,78.55,78.95,3903964
2020-06-18 00:00:00+05:30,78.95,80.85,77.55,78.1,2313009
2020-06-19 00:00:00+05:30,79.95,83.2,78.15,80.8,3151914
2020-06-22 00:00:00+05:30,81.8,83.3,80.75,81.65,1733002
2020-06-23 00:00:00+05:30,82.7,82.7,80.5,81.25,1672692
2020-06-24 00:00:00+05:30,82.2,83.8,78.55,78.9,4363303
2020-06-25 00:00:00+05:30,79.3,80.1,78.55,79.6,1227435
2020-06-26 00:00:00+05:30,80.2,81.05,78.65,79.05,907424
2020-06-29 00:00:00+05:30,79.5,80.4,76.6,76.95,2066161
2020-06-30 00:00:00+05:30,77.55,78.55,77.0,77.5,1833057
2020-07-01 00:00:00+05:30,77.15,78.05,76.6,76.8,744981
2020-07-02 00:00:00+05:30,77.1,78.7,76.6,76.95,1661587
2020-07-03 00:00:00+05:30,77.55,78.35,76.6,77.85,1143997
2020-07-06 00:00:00+05:30,78.9,79.9,77.7,78.95,1881446
2020-07-07 00:00:00+05:30,81.15,85.15,80.5,82.45,9917247
2020-07-08 00:00:00+05:30,83.75,84.15,80.75,81.1,3847189
2020-07-09 00:00:00+05:30,82.0,82.0,79.05,79.3,1447263
2020-07-10 00:00:00+05:30,79.2,79.7,77.95,78.8,1288658
2020-07-13 00:00:00+05:30,79.05,79.45,77.2,77.6,1084807
2020-07-14 00:00:00+05:30,77.55,79.4,75.65,77.3,1476532
2020-07-15 00:00:00+05:30,77.9,77.95,76.3,76.9,1430705
2020-07-16 00:00:00+05:30,77.4,77.4,74.75,76.25,952507
2020-07-17 00:00:00+05:30,76.05,77.5,75.35,77.0,3661401
2020-07-20 00:00:00+05:30,77.35,80.95,76.15,79.2,3398580
2020-07-21 00:00:00+05:30,81.25,81.95,77.55,77.9,4547379
2020-07-22 00:00:00+05:30,78.7,79.2,77.3,77.5,2425973
2020-07-23 00:00:00+05:30,78.0,80.0,77.55,78.9,3910427
2020-07-24 00:00:00+05:30,79.15,79.4,76.6,76.75,2014681
2020-07-27 00:00:00+05:30,77.05,77.6,75.95,76.0,1112733
2020-07-28 00:00:00+05:30,76.0,76.95,75.65,76.45,1029864
2020-07-29 00:00:00+05:30,76.6,78.35,76.4,76.75,1743718
2020-07-30 00:00:00+05:30,77.25,77.25,74.35,74.55,2866457
2020-07-31 00:00:00+05:30,75.25,75.85,73.8,74.05,2158900
2020-08-03 00:00:00+05:30,74.1,76.1,74.05,74.9,1768111
2020-08-04 00:00:00+05:30,75.6,75.65,74.45,74.55,1320373
2020-08-05 00:00:00+05:30,74.75,75.85,74.45,75.45,1797702
2020-08-06 00:00:00+05:30,76.85,77.2,75.25,75.5,1733834
2020-08-07 00:00:00+05:30,75.35,75.95,74.65,75.5,1656752
2020-08-10 00:00:00+05:30,76.9,78.95,75.75,78.5,3430393
2020-08-11 00:00:00+05:30,79.5,82.25,78.05,81.0,18498858
2020-08-12 00:00:00+05:30,80.75,85.2,80.5,84.75,9512596
2020-08-13 00:00:00+05:30,85.35,95.9,85.1,94.7,25351435
2020-08-14 00:00:00+05:30,96.6,99.4,88.25,90.9,10483574
2020-08-17 00:00:00+05:30,92.5,93.1,89.2,90.05,2730701
2020-08-18 00:00:00+05:30,90.45,95.05,90.4,94.3,6165913
2020-08-19 00:00:00+05:30,95.0,95.3,93.1,93.8,2143133
2020-08-20 00:00:00+05:30,93.75,101.35,93.25,99.4,12316655
2020-08-21 00:00:00+05:30,101.3,103.2,96.95,97.8,5686457
2020-08-24 00:00:00+05:30,99.25,102.8,98.15,101.35,12661128
2020-08-25 00:00:00+05:30,102.45,103.6,100.25,101.5,4845406
2020-08-26 00:00:00+05:30,100.85,102.3,100.4,101.75,2198559
2020-08-27 00:00:00+05:30,101.8,107.8,100.35,103.5,5328747
2020-08-28 00:00:00+05:30,104.35,109.1,101.8,105.35,5939823
2020-08-31 00:00:00+05:30,106.5,107.9,96.95,100.55,5033081
2020-09-01 00:00:00+05:30,101.75,105.0,99.15,99.95,2897752
2020-09-02 00:00:00+05:30,99.95,102.15,99.8,100.45,1124513
2020-09-03 00:00:00+05:30,101.25,103.1,101.0,101.85,6779351
2020-09-04 00:00:00+05:30,99.9,103.45,97.95,98.75,6038085
2020-09-07 00:00:00+05:30,98.75,101.1,97.05,100.1,1926756
2020-09-08 00:00:00+05:30,100.85,100.85,93.4,94.75,3190744
2020-09-09 00:00:00+05:30,93.45,96.35,90.2,95.85,2866266
2020-09-10 00:00:00+05:30,96.65,97.95,95.15,96.35,1419749
2020-09-11 00:00:00+05:30,95.05,96.95,94.3,96.15,1188828
2020-09-14 00:00:00+05:30,96.95,99.9,96.9,99.6,1762838
2020-09-15 00:00:00+05:30,100.0,100.8,96.7,100.15,8291349
2020-09-16 00:00:00+05:30,100.45,100.7,98.35,98.75,6179642
2020-09-17 00:00:00+05:30,99.6,99.6,96.25,96.65,1583336
2020-09-18 00:00:00+05:30,96.75,99.25,96.0,97.1,2016681
2020-09-21 00:00:00+05:30,97.55,98.4,92.1,93.05,1747526
2020-09-22 00:00:00+05:30,92.1,92.7,87.25,89.85,3066132
2020-09-23 00:00:00+05:30,91.2,92.2,87.25,89.2,1837569
2020-09-24 00:00:00+05:30,88.25,89.15,85.95,88.15,1553063
2020-09-25 00:00:00+05:30,88.15,91.8,86.6,88.85,2573743
2020-09-28 00:00:00+05:30,90.85,94.1,90.1,93.4,2086831
2020-09-29 00:00:00+05:30,94.75,95.05,92.1,92.6,1364977
2020-09-30 00:00:00+05:30,92.8,93.5,91.2,92.1,1515805
2020-10-01 00:00:00+05:30,96.2,98.6,90.65,94.05,13737091
2020-10-05 00:00:00+05:30,94.9,98.8,93.5,98.15,6130720
2020-10-06 00:00:00+05:30,98.6,99.7,96.65,97.95,13120994
2020-10-07 00:00:00+05:30,97.95,98.3,95.55,96.75,4175245
2020-10-08 00:00:00+05:30,97.05,97.5,93.0,94.75,1245205
2020-10-09 00:00:00+05:30,94.5,95.7,93.15,93.35,1094467
2020-10-12 00:00:00+05:30,93.85,94.95,91.15,92.15,1440288
2020-10-13 00:00:00+05:30,91.8,92.85,91.15,91.55,832508
2020-10-14 00:00:00+05:30,91.15,94.0,90.65,93.1,2464769
2020-10-15 00:00:00+05:30,93.25,93.75,90.2,90.55,792798
2020-10-16 00:00:00+05:30,90.55,95.5,90.55,94.2,1433901
2020-10-19 00:00:00+05:30,94.9,94.9,93.3,94.15,4028112
2020-10-20 00:00:00+05:30,93.3,96.65,92.85,95.15,1106560
2020-10-21 00:00:00+05:30,95.65,97.95,95.15,97.35,1714765
2020-10-22 00:00:00+05:30,96.7,97.8,95.6,97.35,2011864
2020-10-23 00:00:00+05:30,98.35,99.8,96.65,97.5,2551186
2020-10-26 00:00:00+05:30,97.95,98.6,94.05,94.65,6185946
2020-10-27 00:00:00+05:30,94.8,94.9,92.8,94.45,8245286
2020-10-28 00:00:00+05:30,94.85,96.4,93.5,94.6,766964
2020-10-29 00:00:00+05:30,93.15,94.5,93.1,93.95,557334
2020-10-30 00:00:00+05:30,94.25,94.55,92.1,92.5,634020
2020-11-02 00:00:00+05:30,92.5,93.05,88.7,89.4,4789364
2020-11-03 00:00:00+05:30,90.2,93.75,90.2,93.4,1527382
2020-11-04 00:00:00+05:30,92.65,94.65,92.2,93.65,707493
2020-11-05 00:00:00+05:30,93.45,96.45,92.1,95.9,1838987
2020-11-06 00:00:00+05:30,96.9,97.35,95.05,95.55,1250457
2020-11-09 00:00:00+05:30,96.75,96.95,93.75,96.45,1185396
2020-11-10 00:00:00+05:30,105.2,112.85,101.8,110.25,19249894
2020-11-11 00:00:00+05:30,110.05,110.05,103.75,105.2,3471475
2020-11-12 00:00:00+05:30,106.8,110.45,105.75,108.55,3202119
2020-11-13 00:00:00+05:30,109.0,109.5,106.65,107.85,758746
2020-11-14 00:00:00+05:30,108.6,110.05,105.7,108.4,478181
2020-11-17 00:00:00+05:30,112.4,119.05,110.55,116.5,12457393
2020-11-18 00:00:00+05:30,115.2,116.1,113.65,114.85,1822595
2020-11-19 00:00:00+05:30,114.8,115.3,110.55,111.2,3455997
2020-11-20 00:00:00+05:30,112.8,113.95,109.6,110.15,1431026
2020-11-23 00:00:00+05:30,109.55,112.0,107.7,109.75,2947251
2020-11-24 00:00:00+05:30,109.95,112.3,109.75,111.3,1233009
2020-11-25 00:00:00+05:30,111.8,112.6,106.3,107.35,3338590
2020-11-26 00:00:00+05:30,109.5,111.05,107.15,109.35,1929390
2020-11-27 00:00:00+05:30,109.55,116.0,108.6,114.6,4681596
2020-12-01 00:00:00+05:30,116.35,118.25,115.0,116.45,2629894
2020-12-02 00:00:00+05:30,117.35,126.05,117.35,125.1,13327261
2020-12-03 00:00:00+05:30,127.6,128.0,123.15,123.9,4040573
2020-12-04 00:00:00+05:30,125.1,126.0,122.65,124.1,2521912
2020-12-07 00:00:00+05:30,125.0,135.05,124.65,128.7,8092120
2020-12-08 00:00:00+05:30,129.8,132.55,126.05,126.25,3331290
2020-12-09 00:00:00+05:30,127.45,128.6,127.1,127.9,1594961
2020-12-10 00:00:00+05:30,127.8,127.8,123.9,124.1,1734587
2020-12-11 00:00:00+05:30,124.1,127.75,123.35,124.0,1280973
2020-12-14 00:00:00+05:30,124.95,126.3,123.9,124.55,1327172
2020-12-15 00:00:00+05:30,125.45,129.95,123.95,125.2,4144929
2020-12-16 00:00:00+05:30,126.15,128.35,124.65,126.1,3685448
2020-12-17 00:00:00+05:30,127.05,127.5,124.9,126.05,1628544
2020-12-18 00:00:00+05:30,125.1,125.95,123.15,123.9,1528610
2020-12-21 00:00:00+05:30,124.6,124.9,113.45,115.85,2395167
2020-12-22 00:00:00+05:30,111.55,115.4,109.75,113.1,2623521
2020-12-23 00:00:00+05:30,114.25,121.5,113.65,121.05,2505382
2020-12-24 00:00:00+05:30,122.6,122.85,116.95,117.65,1831874
2020-12-28 00:00:00+05:30,119.1,121.9,118.05,119.2,2761466
2020-12-29 00:00:00+05:30,119.2,120.95,117.9,118.75,2327299
2020-12-30 00:00:00+05:30,119.25,119.6,116.7,118.15,931786
2020-12-31 00:00:00+05:30,118.3,118.9,115.2,116.45,888313
2021-01-01 00:00:00+05:30,116.45,122.95,116.45,120.2,3313152
2021-01-04 00:00:00+05:30,122.2,123.65,121.3,122.55,2650540
2021-01-05 00:00:00+05:30,122.2,123.35,119.15,119.4,2812714
2021-01-06 00:00:00+05:30,120.4,121.5,118.8,119.6,1094297
2021-01-07 00:00:00+05:30,120.7,120.95,119.55,120.15,2069929
2021-01-08 00:00:00+05:30,121.65,121.65,119.25,119.6,1318099
2021-01-11 00:00:00+05:30,120.6,121.2,118.95,120.7,1630880
2021-01-12 00:00:00+05:30,120.25,121.5,119.1,119.5,1053995
2021-01-13 00:00:00+05:30,119.65,125.95,119.65,122.8,4207542
2021-01-14 00:00:00+05:30,123.85,124.8,121.9,123.45,1491861
2021-01-15 00:00:00+05:30,123.9,123.9,121.25,123.1,795678
2021-01-18 00:00:00+05:30,123.15,125.6,116.85,122.45,4769412
2021-01-19 00:00:00+05:30,123.15,124.7,119.25,120.3,1614643
2021-01-20 00:00:00+05:30,121.15,122.45,119.9,120.7,1226107
2021-01-21 00:00:00+05:30,121.65,123.3,116.85,117.75,1871243
2021-01-22 00:00:00+05:30,117.75,121.2,117.0,118.85,1938445
2021-01-25 00:00:00+05:30,119.6,121.15,117.35,120.45,1457744
2021-01-27 00:00:00+05:30,120.45,121.95,118.95,120.75,1985062
2021-01-28 00:00:00+05:30,118.6,120.15,116.85,117.8,2943066
2021-01-29 00:00:00+05:30,121.55,121.55,117.3,117.9,926444
2021-02-01 00:00:00+05:30,118.65,120.25,117.9,118.95,1642917
2021-02-02 00:00:00+05:30,119.55,120.8,117.95,119.55,1869544
2021-02-03 00:00:00+05:30,119.9,121.2,118.35,119.1,1716685
2021-02-04 00:00:00+05:30,117.55,119.75,115.9,116.3,3581436
2021-02-05 00:00:00+05:30,116.95,117.7,115.1,115.7,1481472
2021-02-08 00:00:00+05:30,116.35,119.25,115.9,119.0,4427410
2021-02-09 00:00:00+05:30,119.95,123.85,119.1,120.6,4232778
2021-02-10 00:00:00+05:30,121.15,123.7,119.35,123.0,2124477
2021-02-11 00:00:00+05:30,123.65,124.85,121.8,123.55,2158023
2021-02-12 00:00:00+05:30,124.1,126.7,124.1,125.25,3964344
2021-02-15 00:00:00+05:30,126.05,128.95,125.55,127.95,4650603
2021-02-16 00:00:00+05:30,128.0,128.6,122.2,122.95,5389489
2021-02-17 00:00:00+05:30,123.55,125.3,120.25,121.7,2113656
2021-02-18 00:00:00+05:30,122.6,122.95,119.95,122.0,1943177
2021-02-19 00:00:00+05:30,121.8,122.35,119.6,120.05,4470762
2021-02-22 00:00:00+05:30,119.15,120.05,115.75,116.2,3334376
2021-02-23 00:00:00+05:30,116.35,118.15,114.4,114.55,2289197
2021-02-24 00:00:00+05:30,115.15,117.75,115.15,116.0,1385229
2021-02-25 00:00:00+05:30,117.35,118.5,115.4,115.7,3567830
2021-02-26 00:00:00+05:30,115.3,120.4,114.4,119.1,3059236
2021-03-01 00:00:00+05:30,120.25,120.3,116.7,117.85,1682958
2021-03-02 00:00:00+05:30,117.9,119.35,116.35,117.1,3204383
2021-03-03 00:00:00+05:30,117.35,121.9,117.35,121.25,3629135
2021-03-04 00:00:00+05:30,121.25,125.85,120.25,124.95,5153583
2021-03-05 00:00:00+05:30,124.1,126.65,120.75,121.6,1752807
2021-03-08 00:00:00+05:30,123.05,125.4,122.4,123.2,1157217
2021-03-09 00:00:00+05:30,123.15,124.05,119.25,120.1,2274328
2021-03-10 00:00:00+05:30,124.05,124.05,121.0,122.1,980168
2021-03-12 00:00:00+05:30,123.65,123.65,120.0,121.3,1414908
2021-03-15 00:00:00+05:30,121.3,121.5,116.8,119.2,1090906
2021-03-16 00:00:00+05:30,118.4,120.65,115.95,116.8,1936862
2021-03-17 00:00:00+05:30,116.35,117.65,115.4,116.1,815600
2021-03-18 00:00:00+05:30,116.1,117.8,112.5,112.8,1633696
2021-03-19 00:00:00+05:30,111.5,113.15,107.9,110.55,1918858
2021-03-22 00:00:00+05:30,110.75,113.4,109.65,111.4,1140104
2021-03-23 00:00:00+05:30,111.5,113.45,108.65,109.7,1210907
2021-03-24 00:00:00+05:30,108.85,109.7,103.95,105.15,4003520
2021-03-25 00:00:00+05:30,104.9,105.5,99.6,99.85,5723778
2021-03-26 00:00:00+05:30,100.25,105.7,100.25,105.1,2286718
2021-03-30 00:00:00+05:30,106.65,106.65,101.8,102.5,1712569
2021-03-31 00:00:00+05:30,102.5,111.4,101.55,107.5,4374496
2021-04-01 00:00:00+05:30,107.65,110.0,105.95,108.9,2263546
2021-04-05 00:00:00+05:30,106.2,106.45,103.25,104.7,2221577
2021-04-06 00:00:00+05:30,104.9,106.35,103.25,105.8,1469652
2021-04-07 00:00:00+05:30,106.65,109.1,106.15,107.7,1718569
2021-04-08 00:00:00+05:30,108.5,110.0,104.7,105.55,1934450
2021-04-09 00:00:00+05:30,105.55,109.8,105.0,107.3,1904964
2021-04-12 00:00:00+05:30,103.05,104.7,100.85,101.45,1997092
2021-04-13 00:00:00+05:30,105.0,106.5,101.0,101.65,2528379
2021-04-15 00:00:00+05:30,101.15,101.65,96.5,96.9,5076731
2021-04-16 00:00:00+05:30,96.95,98.55,95.7,95.95,3389965
2021-04-19 00:00:00+05:30,94.8,95.75,91.65,91.85,4389734
2021-04-20 00:00:00+05:30,94.05,99.15,91.9,93.05,9723860
2021-04-22 00:00:00+05:30,92.0,97.45,90.9,96.4,5339485
2021-04-23 00:00:00+05:30,96.05,102.5,95.1,101.2,3603923
2021-04-26 00:00:00+05:30,102.8,109.65,101.35,108.05,6360800
2021-04-27 00:00:00+05:30,108.1,110.25,107.15,109.5,3111851
2021-04-28 00:00:00+05:30,110.85,111.9,109.4,110.2,2114848
2021-04-29 00:00:00+05:30,110.55,111.45,105.7,107.2,3046930
2021-04-30 00:00:00+05:30,106.65,111.05,103.95,108.1,3475826
2021-05-03 00:00:00+05:30,106.65,109.65,103.75,107.75,3832425
2021-05-04 00:00:00+05:30,108.65,110.75,105.2,105.6,1864776
2021-05-05 00:00:00+05:30,109.55,109.55,106.2,108.35,1411920
2021-05-06 00:00:00+05:30,109.5,110.05,107.9,109.2,1119765
2021-05-07 00:00:00+05:30,110.0,110.0,107.5,109.0,1256816
2021-05-10 00:00:00+05:30,109.0,110.75,108.4,109.65,2521702
2021-05-11 00:00:00+05:30,108.6,115.85,108.6,114.25,4264992
2021-05-12 00:00:00+05:30,114.25,115.2,111.5,112.7,4592729
2021-05-14 00:00:00+05:30,113.5,114.2,108.65,109.45,1508769
2021-05-17 00:00:00+05:30,110.75,114.7,110.75,111.6,2432081
2021-05-18 00:00:00+05:30,114.3,119.55,112.85,118.2,5318111
2021-05-19 00:00:00+05:30,117.7,126.05,117.1,125.1,8545261
2021-05-20 00:00:00+05:30,125.1,125.1,121.2,124.45,3372734
2021-05-21 00:00:00+05:30,124.55,127.05,123.45,126.3,3216640
2021-05-24 00:00:00+05:30,127.05,128.95,124.65,125.65,3902436
2021-05-25 00:00:00+05:30,126.05,132.65,125.3,131.05,11048595
2021-05-26 00:00:00+05:30,131.8,134.65,126.05,127.2,5168786
2021-05-27 00:00:00+05:30,128.2,132.5,126.8,128.3,4835514
2021-05-28 00:00:00+05:30,129.25,131.45,127.5,129.15,2703756
2021-05-31 00:00:00+05:30,129.55,136.25,128.0,135.1,10244875
2021-06-01 00:00:00+05:30,136.55,139.9,131.1,131.85,8357416
2021-06-02 00:00:00+05:30,131.9,135.4,129.35,130.75,4275898
2021-06-03 00:00:00+05:30,131.9,135.2,129.85,131.3,5594844
2021-06-04 00:00:00+05:30,134.8,139.65,131.15,132.65,20553845
2021-06-07 00:00:00+05:30,134.8,136.9,131.65,131.85,8508684
2021-06-08 00:00:00+05:30,132.55,133.55,130.4,131.3,3502785
2021-06-09 00:00:00+05:30,132.65,135.15,130.3,131.25,5525663
2021-06-10 00:00:00+05:30,132.65,133.8,131.45,132.7,3225780
2021-06-11 00:00:00+05:30,133.75,133.95,130.3,131.35,2647952
2021-06-14 00:00:00+05:30,132.05,132.1,127.55,130.0,3546323
2021-06-15 00:00:00+05:30,130.0,133.3,130.0,132.3,3111914
2021-06-16 00:00:00+05:30,132.3,133.2,130.4,131.05,1628750
2021-06-17 00:00:00+05:30,129.25,131.4,125.3,125.85,3115290
2021-06-18 00:00:00+05:30,126.45,133.1,121.2,131.15,7227527
2021-06-21 00:00:00+05:30,128.95,130.55,127.35,129.7,1874437
2021-06-22 00:00:00+05:30,131.4,136.6,130.4,135.8,7743710
2021-06-23 00:00:00+05:30,139.6,141.5,136.35,138.4,11674021
2021-06-24 00:00:00+05:30,139.6,143.05,137.7,141.35,4618708
2021-06-25 00:00:00+05:30,142.3,146.15,140.65,143.0,10707055
2021-06-28 00:00:00+05:30,143.5,143.9,138.55,141.2,4324914
2021-06-29 00:00:00+05:30,143.05,143.05,137.7,138.15,3515866
2021-06-30 00:00:00+05:30,138.65,140.8,136.65,137.15,2962125
2021-07-01 00:00:00+05:30,137.2,138.35,136.25,136.95,1395408
2021-07-02 00:00:00+05:30,136.95,139.6,136.0,138.6,1958523
2021-07-05 00:00:00+05:30,139.65,142.85,138.95,142.3,3538886
2021-07-06 00:00:00+05:30,141.4,146.1,141.2,142.9,5370226
2021-07-07 00:00:00+05:30,142.95,152.55,141.35,147.75,18155008
2021-07-08 00:00:00+05:30,150.25,150.3,144.45,145.95,6424412
2021-07-09 00:00:00+05:30,145.25,147.85,142.75,143.5,4112333
2021-07-12 00:00:00+05:30,145.15,147.0,141.65,143.45,3565582
2021-07-13 00:00:00+05:30,144.9,147.45,143.35,146.15,6610037
2021-07-14 00:00:00+05:30,146.15,147.35,143.45,144.3,2471297
2021-07-15 00:00:00+05:30,145.3,146.85,144.5,145.35,2448264
2021-07-16 00:00:00+05:30,145.35,150.2,144.6,148.2,4276669
2021-07-19 00:00:00+05:30,146.4,146.95,143.65,145.65,2058138
2021-07-20 00:00:00+05:30,144.95,145.05,137.7,138.65,5593419
2021-07-22 00:00:00+05:30,140.65,143.0,139.15,141.45,2968031
2021-07-23 00:00:00+05:30,141.55,142.95,140.9,142.35,2038343
2021-07-26 00:00:00+05:30,143.4,143.4,140.6,141.9,1814593
2021-07-27 00:00:00+05:30,141.55,144.85,141.55,143.9,2482899
2021-07-28 00:00:00+05:30,143.9,144.25,138.85,141.85,2482965
2021-07-29 00:00:00+05:30,142.35,144.4,142.0,143.5,1873908
2021-07-30 00:00:00+05:30,143.5,146.25,139.35,140.7,5437619
2021-08-02 00:00:00+05:30,140.65,143.85,140.35,143.0,2399452
2021-08-03 00:00:00+05:30,142.75,144.4,141.7,143.7,3108864
2021-08-04 00:00:00+05:30,144.2,144.65,140.6,141.2,2646685
2021-08-05 00:00:00+05:30,141.2,141.7,138.3,140.35,1354928
2021-08-06 00:00:00+05:30,140.6,142.05,140.0,140.5,921167
2021-08-09 00:00:00+05:30,140.6,141.25,137.85,139.0,1462443
2021-08-10 00:00:00+05:30,137.2,142.95,136.0,138.35,7462326
2021-08-11 00:00:00+05:30,138.5,140.05,132.35,136.8,3878109
2021-08-12 00:00:00+05:30,137.8,141.05,137.4,138.8,3511896
2021-08-13 00:00:00+05:30,139.75,139.75,137.6,137.95,765116
2021-08-16 00:00:00+05:30,137.7,138.8,135.7,136.1,872644
2021-08-17 00:00:00+05:30,136.25,137.8,134.6,136.85,1203029
2021-08-18 00:00:00+05:30,137.0,137.6,135.75,136.3,785867
2021-08-20 00:00:00+05:30,135.25,135.75,133.3,134.35,1064715
2021-08-23 00:00:00+05:30,135.75,136.55,129.0,133.75,1709234
2021-08-24 00:00:00+05:30,135.75,136.5,129.45,135.35,3232952
2021-08-25 00:00:00+05:30,135.7,137.1,134.05,134.65,1617198
2021-08-26 00:00:00+05:30,134.8,135.3,132.85,133.5,1045335
2021-08-27 00:00:00+05:30,137.6,137.6,132.55,135.9,2817671
2021-08-30 00:00:00+05:30,136.5,137.6,135.3,136.65,1488071
2021-08-31 00:00:00+05:30,136.6,137.7,135.45,136.15,855879
2021-09-01 00:00:00+05:30,135.3,143.8,135.3,142.55,5176826
2021-09-02 00:00:00+05:30,143.1,146.8,142.65,144.95,7365410
2021-09-03 00:00:00+05:30,145.45,146.85,141.55,142.55,3182705
2021-09-06 00:00:00+05:30,143.5,143.5,140.8,141.5,1650250
2021-09-07 00:00:00+05:30,141.5,142.5,138.15,139.5,2453424
2021-09-08 00:00:00+05:30,139.15,143.95,138.65,142.2,2309677
2021-09-09 00:00:00+05:30,142.9,148.7,141.55,146.25,10120848
2021-09-13 00:00:00+05:30,147.15,151.65,144.65,149.45,7253621
2021-09-14 00:00:00+05:30,150.25,150.8,147.8,149.25,2920899
2021-09-15 00:00:00+05:30,148.65,151.5,147.95,150.05,2283617
2021-09-16 00:00:00+05:30,150.7,153.2,149.4,150.35,3204941
2021-09-17 00:00:00+05:30,151.25,151.25,143.8,144.55,4096135
2021-09-20 00:00:00+05:30,144.65,164.4,143.3,156.15,47824005
2021-09-21 00:00:00+05:30,156.15,162.25,150.6,159.4,22399400
2021-09-22 00:00:00+05:30,160.0,171.6,158.35,167.85,25706442
2021-09-23 00:00:00+05:30,169.2,179.75,168.4,178.35,25369471
2021-09-24 00:00:00+05:30,181.0,181.25,169.4,173.4,11275153
2021-09-27 00:00:00+05:30,176.5,194.4,172.7,183.6,43499238
2021-09-28 00:00:00+05:30,185.0,188.9,177.85,181.65,19685315
2021-09-29 00:00:00+05:30,179.4,184.85,178.4,179.7,9793877
2021-09-30 00:00:00+05:30,178.9,183.05,173.85,175.9,9441341
2021-10-01 00:00:00+05:30,174.45,181.05,172.95,178.5,6665066
2021-10-04 00:00:00+05:30,179.85,186.35,178.6,182.1,10113056
2021-10-05 00:00:00+05:30,181.95,189.5,180.7,187.75,11387036
2021-10-06 00:00:00+05:30,188.0,194.55,178.4,179.6,20505929
2021-10-07 00:00:00+05:30,181.5,192.65,181.5,190.2,16227631
2021-10-08 00:00:00+05:30,192.35,205.3,192.35,196.5,35256198
2021-10-11 00:00:00+05:30,198.0,205.1,194.9,200.55,13922117
2021-10-12 00:00:00+05:30,201.95,212.3,200.8,207.25,22755703
2021-10-13 00:00:00+05:30,208.85,227.95,208.1,223.85,30794921
2021-10-14 00:00:00+05:30,226.3,230.2,214.9,222.6,20270106
2021-10-18 00:00:00+05:30,224.6,227.85,215.4,218.6,12590765
2021-10-19 00:00:00+05:30,220.85,223.8,205.1,208.35,12932295
2021-10-20 00:00:00+05:30,211.4,217.85,206.55,212.75,15291605
2021-10-21 00:00:00+05:30,218.2,221.1,203.1,207.45,14733258
2021-10-22 00:00:00+05:30,211.4,218.1,196.7,198.45,13685677
2021-10-25 00:00:00+05:30,202.55,207.2,195.0,199.6,9678773
2021-10-26 00:00:00+05:30,201.55,206.05,198.7,201.15,6198720
2021-10-27 00:00:00+05:30,202.65,203.9,196.95,197.65,4603519
2021-10-28 00:00:00+05:30,197.35,197.85,191.25,193.25,8527529
2021-10-29 00:00:00+05:30,194.2,198.15,186.6,190.7,6557894
2021-11-01 00:00:00+05:30,187.65,201.45,186.85,200.25,10485806
2021-11-02 00:00:00+05:30,201.15,201.5,196.4,197.1,4585448
2021-11-03 00:00:00+05:30,198.55,200.45,195.45,197.2,5422535
2021-11-04 00:00:00+05:30,198.75,210.2,198.15,208.85,8663540
2021-11-08 00:00:00+05:30,210.4,210.4,204.6,206.75,7958499
2021-11-09 00:00:00+05:30,207.5,218.1,207.5,213.2,12067679
2021-11-10 00:00:00+05:30,212.95,217.2,207.7,208.75,13454767
2021-11-11 00:00:00+05:30,214.0,214.45,207.2,207.9,7249373
2021-11-12 00:00:00+05:30,210.75,214.95,209.0,214.3,6719530
2021-11-15 00:00:00+05:30,215.35,220.9,212.9,216.25,9594836
2021-11-16 00:00:00+05:30,218.9,224.2,216.25,216.9,11019325
2021-11-17 00:00:00+05:30,218.45,220.4,212.25,215.55,6520504
2021-11-18 00:00:00+05:30,216.5,218.0,207.0,210.5,6209765
2021-11-22 00:00:00+05:30,210.9,211.0,196.65,201.95,7005587
2021-11-23 00:00:00+05:30,200.1,208.35,197.35,207.25,5882101
2021-11-24 00:00:00+05:30,208.3,209.5,205.0,206.15,5315951
2021-11-25 00:00:00+05:30,207.0,207.25,203.5,205.55,3270399
2021-11-26 00:00:00+05:30,200.5,201.4,180.05,182.05,18934223
2021-11-29 00:00:00+05:30,179.9,182.05,171.0,172.55,18873541
2021-11-30 00:00:00+05:30,173.15,185.8,173.15,180.3,25848702
2021-12-01 00:00:00+05:30,179.95,185.35,177.55,184.1,11547921
2021-12-02 00:00:00+05:30,182.0,186.0,179.2,184.2,8435304
2021-12-03 00:00:00+05:30,187.0,196.0,184.3,192.3,17321214
2021-12-06 00:00:00+05:30,190.0,194.45,186.3,187.0,7362776
2021-12-07 00:00:00+05:30,189.95,196.5,189.35,195.25,6130489
2021-12-08 00:00:00+05:30,197.2,204.9,197.05,202.05,11344076
2021-12-09 00:00:00+05:30,204.0,205.65,202.0,203.9,5462146
2021-12-10 00:00:00+05:30,203.9,206.5,201.4,204.15,4200525
2021-12-13 00:00:00+05:30,205.5,206.5,201.6,203.35,2623013
2021-12-14 00:00:00+05:30,198.2,202.6,197.25,198.15,4832344
2021-12-15 00:00:00+05:30,198.9,203.5,196.6,199.75,6347873
2021-12-16 00:00:00+05:30,200.8,203.0,194.55,195.05,4244556
2021-12-17 00:00:00+05:30,194.15,195.05,188.3,190.9,5808908
2021-12-20 00:00:00+05:30,184.9,186.4,177.5,182.65,6030682
2021-12-21 00:00:00+05:30,184.0,187.0,178.9,180.55,7060940
2021-12-22 00:00:00+05:30,182.5,184.0,178.05,181.05,4314981
2021-12-23 00:00:00+05:30,183.0,183.75,179.2,180.25,2519410
2021-12-24 00:00:00+05:30,180.5,181.4,175.0,176.65,4646074
2021-12-27 00:00:00+05:30,173.0,179.1,172.15,178.2,3900089
2021-12-28 00:00:00+05:30,179.35,184.35,178.6,182.8,4824090
2021-12-29 00:00:00+05:30,182.15,184.3,180.75,181.95,2461845
2021-12-30 00:00:00+05:30,179.9,181.85,175.55,176.85,4941576
2021-12-31 00:00:00+05:30,176.0,181.85,175.0,180.75,4610528
2022-01-03 00:00:00+05:30,179.8,186.0,178.05,184.05,5114995
2022-01-04 00:00:00+05:30,185.0,187.7,182.65,184.5,4651684
2022-01-05 00:00:00+05:30,184.0,185.05,181.1,182.05,3155809
2022-01-06 00:00:00+05:30,179.05,187.35,179.0,186.6,5259513
2022-01-07 00:00:00+05:30,188.45,188.45,183.25,186.35,3454412
2022-01-10 00:00:00+05:30,184.0,196.5,184.0,194.65,10494070
2022-01-11 00:00:00+05:30,192.95,198.0,191.3,197.05,5588615
2022-01-12 00:00:00+05:30,199.0,209.2,197.95,208.25,13520393
2022-01-13 00:00:00+05:30,209.0,211.35,206.4,210.5,6360773
2022-01-14 00:00:00+05:30,207.9,213.95,207.55,210.7,4035525
2022-01-17 00:00:00+05:30,210.45,212.75,208.25,208.95,3557863
2022-01-18 00:00:00+05:30,210.2,214.0,206.0,207.35,6202115
2022-01-19 00:00:00+05:30,207.35,208.9,202.85,207.45,2503569
2022-01-20 00:00:00+05:30,207.45,210.5,205.8,209.45,2400231
2022-01-21 00:00:00+05:30,209.0,211.3,203.75,206.35,3341819
2022-01-24 00:00:00+05:30,205.0,207.35,191.2,195.25,5947982
2022-01-25 00:00:00+05:30,194.0,199.55,190.85,197.85,6793399
2022-01-27 00:00:00+05:30,195.0,203.0,194.15,200.7,3737985
2022-01-28 00:00:00+05:30,203.5,211.8,202.0,207.3,7077893
2022-01-31 00:00:00+05:30,208.5,218.5,208.5,215.6,7624838
2022-02-01 00:00:00+05:30,219.0,223.8,212.5,222.6,11465922
2022-02-02 00:00:00+05:30,220.0,226.55,217.1,218.55,10503819
2022-02-03 00:00:00+05:30,219.0,220.85,216.9,218.85,4093071
2022-02-04 00:00:00+05:30,220.65,220.7,214.0,216.55,3629097
2022-02-07 00:00:00+05:30,217.3,218.55,211.0,211.8,3697144
2022-02-08 00:00:00+05:30,213.1,213.85,207.45,210.85,2914711
2022-02-09 00:00:00+05:30,212.0,215.65,211.6,212.7,3545796
2022-02-10 00:00:00+05:30,213.7,216.5,210.7,215.25,2830030
2022-02-11 00:00:00+05:30,214.0,214.8,205.25,206.6,4362462
2022-02-14 00:00:00+05:30,200.95,202.0,193.0,195.1,5714424
2022-02-15 00:00:00+05:30,197.0,206.9,194.1,206.0,3357223
2022-02-16 00:00:00+05:30,207.95,209.75,203.3,204.85,3619273
2022-02-17 00:00:00+05:30,206.85,211.5,206.35,209.3,5603756
2022-02-18 00:00:00+05:30,208.8,210.4,206.35,207.05,2200268
2022-02-21 00:00:00+05:30,206.75,210.55,203.65,204.95,3543538
2022-02-22 00:00:00+05:30,200.05,206.65,199.1,204.45,4734973
2022-02-23 00:00:00+05:30,207.95,210.5,202.9,204.8,6741250
2022-02-24 00:00:00+05:30,197.0,200.7,191.95,194.3,7389515
2022-02-25 00:00:00+05:30,199.9,204.0,197.75,200.2,4144809
2022-02-28 00:00:00+05:30,198.0,201.8,196.0,199.45,6432432
2022-03-02 00:00:00+05:30,197.4,199.75,196.3,198.05,3638560
2022-03-03 00:00:00+05:30,201.7,206.7,199.0,199.95,6831997
2022-03-04 00:00:00+05:30,198.7,200.65,187.3,190.5,8468769
2022-03-07 00:00:00+05:30,183.4,191.95,180.6,189.65,6742376
2022-03-08 00:00:00+05:30,189.95,195.0,188.55,194.05,3581319
2022-03-09 00:00:00+05:30,197.0,208.8,196.2,207.3,15038951
2022-03-10 00:00:00+05:30,211.7,213.3,200.5,201.85,8245978
2022-03-11 00:00:00+05:30,200.15,204.5,200.0,203.0,4025498
2022-03-14 00:00:00+05:30,204.05,206.95,202.75,204.55,3681703
2022-03-15 00:00:00+05:30,205.7,207.3,200.4,201.75,2077320
2022-03-16 00:00:00+05:30,203.8,211.8,201.75,210.8,8051450
2022-03-17 00:00:00+05:30,212.25,215.0,207.9,208.5,4300782
2022-03-21 00:00:00+05:30,209.0,212.5,205.0,206.0,4340065
2022-03-22 00:00:00+05:30,206.0,214.0,205.8,208.75,9132579
2022-03-23 00:00:00+05:30,212.9,221.35,209.65,216.1,19198052
2022-03-24 00:00:00+05:30,216.1,219.9,214.5,219.1,5238276
2022-03-25 00:00:00+05:30,220.75,235.8,219.3,227.65,24798138
2022-03-28 00:00:00+05:30,229.95,234.85,225.0,231.95,17086976
2022-03-29 00:00:00+05:30,234.4,241.5,227.3,240.65,15571563
2022-03-30 00:00:00+05:30,242.1,245.5,239.0,241.25,8982640
2022-03-31 00:00:00+05:30,241.0,244.0,236.15,238.5,8018143
2022-04-01 00:00:00+05:30,238.7,243.0,237.65,240.6,5583031
2022-04-04 00:00:00+05:30,242.7,244.0,238.5,239.1,6636982
2022-04-05 00:00:00+05:30,241.4,241.4,234.1,235.6,7285938
2022-04-06 00:00:00+05:30,235.0,254.0,235.0,251.05,26772928
2022-04-07 00:00:00+05:30,254.65,254.65,247.1,250.3,11673611
2022-04-08 00:00:00+05:30,251.5,257.8,248.5,253.85,7519958
2022-04-11 00:00:00+05:30,253.8,257.6,249.95,250.7,4000970
2022-04-12 00:00:00+05:30,251.0,257.0,242.75,249.0,9679008
2022-04-13 00:00:00+05:30,250.7,260.45,249.55,252.5,10184558
2022-04-18 00:00:00+05:30,249.9,251.7,244.75,246.5,6370134
2022-04-19 00:00:00+05:30,247.5,253.7,239.55,243.6,5566459
2022-04-20 00:00:00+05:30,245.4,249.5,233.8,237.6,9360017
2022-04-21 00:00:00+05:30,240.7,248.6,238.9,244.2,7399169
2022-04-22 00:00:00+05:30,242.7,249.9,240.0,240.9,4911841
2022-04-25 00:00:00+05:30,238.1,240.5,228.7,234.7,8316549
2022-04-26 00:00:00+05:30,238.0,239.45,229.0,233.05,7836564
2022-04-27 00:00:00+05:30,231.4,238.3,231.05,235.75,10035198
2022-04-28 00:00:00+05:30,238.0,249.8,236.8,247.0,21806457
2022-04-29 00:00:00+05:30,248.95,260.3,247.05,256.5,17484271
2022-05-02 00:00:00+05:30,253.85,265.5,253.0,261.7,14927385
2022-05-04 00:00:00+05:30,263.9,268.95,254.0,257.45,14185747
2022-05-05 00:00:00+05:30,258.95,260.0,248.05,250.25,10969132
2022-05-06 00:00:00+05:30,243.5,251.35,243.0,248.95,6257584
2022-05-09 00:00:00+05:30,246.0,249.85,237.2,238.25,9488538
2022-05-10 00:00:00+05:30,239.7,241.0,228.0,230.4,10966157
2022-05-11 00:00:00+05:30,228.7,234.55,220.5,225.0,9359469
2022-05-12 00:00:00+05:30,222.45,223.4,216.25,217.85,8408010
2022-05-13 00:00:00+05:30,219.5,226.0,217.3,218.4,8327170
2022-05-16 00:00:00+05:30,220.4,229.15,217.35,224.55,6118575
2022-05-17 00:00:00+05:30,226.4,232.55,224.65,231.25,6146889
2022-05-18 00:00:00+05:30,233.35,234.9,226.1,226.8,7000508
2022-05-19 00:00:00+05:30,222.25,226.0,219.5,220.1,5644709
2022-05-20 00:00:00+05:30,223.9,225.8,220.8,223.0,6403672
2022-05-23 00:00:00+05:30,225.65,232.9,222.05,231.3,6253611
2022-05-24 00:00:00+05:30,232.0,232.5,224.7,225.5,5737671
2022-05-25 00:00:00+05:30,226.75,228.25,218.6,221.7,4851246
2022-05-26 00:00:00+05:30,222.95,225.0,211.2,220.4,10828637
2022-05-27 00:00:00+05:30,226.05,227.0,222.8,225.05,3984085
2022-05-30 00:00:00+05:30,227.8,239.5,227.3,237.8,9022779
2022-05-31 00:00:00+05:30,237.9,240.15,234.25,235.0,5005169
2022-06-01 00:00:00+05:30,236.0,238.7,234.0,236.6,3309666
2022-06-02 00:00:00+05:30,236.45,236.45,230.2,234.55,3311813
2022-06-03 00:00:00+05:30,236.35,238.3,231.15,233.1,1756940
2022-06-06 00:00:00+05:30,230.0,232.35,225.35,228.75,2472118
2022-06-07 00:00:00+05:30,228.5,232.2,226.3,231.05,2592093
2022-06-08 00:00:00+05:30,231.8,231.8,226.7,227.5,3388748
2022-06-09 00:00:00+05:30,227.45,227.5,219.95,223.2,5295528
2022-06-10 00:00:00+05:30,220.55,222.35,219.4,220.25,4069114
2022-06-13 00:00:00+05:30,215.9,217.4,212.55,216.15,4408825
2022-06-14 00:00:00+05:30,216.0,219.95,214.8,216.4,2818524
2022-06-15 00:00:00+05:30,217.2,222.85,217.0,222.05,5236714
2022-06-16 00:00:00+05:30,224.9,225.65,213.05,214.25,4476522
2022-06-17 00:00:00+05:30,211.3,216.3,209.3,213.7,4437466
2022-06-20 00:00:00+05:30,211.05,216.55,207.25,215.1,5982095
2022-06-21 00:00:00+05:30,215.5,223.8,215.25,222.05,4001277
2022-06-22 00:00:00+05:30,222.0,222.0,214.0,215.1,3939513
2022-06-23 00:00:00+05:30,215.6,224.4,214.4,223.5,5283412
2022-06-24 00:00:00+05:30,225.5,229.5,224.5,226.9,4909943
2022-06-27 00:00:00+05:30,229.8,230.0,224.95,225.95,4086963
2022-06-28 00:00:00+05:30,224.65,229.75,224.6,229.0,2815451
2022-06-29 00:00:00+05:30,225.9,232.4,224.9,231.75,5092088
2022-06-30 00:00:00+05:30,232.5,233.0,224.1,225.15,3549734
2022-07-01 00:00:00+05:30,222.1,228.1,220.4,225.75,3902317
2022-07-04 00:00:00+05:30,226.3,232.75,225.0,232.15,3699951
2022-07-05 00:00:00+05:30,232.2,237.9,232.15,236.45,8248897
2022-07-06 00:00:00+05:30,236.65,238.0,233.95,236.9,3574519
2022-07-07 00:00:00+05:30,238.0,245.3,237.75,244.1,8205356
2022-07-08 00:00:00+05:30,244.5,245.5,241.2,242.85,2412484
2022-07-11 00:00:00+05:30,242.75,247.25,241.65,245.95,4221320
2022-07-12 00:00:00+05:30,245.0,246.95,242.95,244.65,2922674
2022-07-13 00:00:00+05:30,246.4,251.1,244.4,245.55,4991296
2022-07-14 00:00:00+05:30,246.6,247.5,241.35,244.0,1978201
2022-07-15 00:00:00+05:30,243.4,251.3,243.4,250.7,2449513
2022-07-18 00:00:00+05:30,251.55,253.0,250.0,250.95,3501346
2022-07-19 00:00:00+05:30,250.3,254.35,248.25,250.9,2553371
2022-07-20 00:00:00+05:30,252.4,257.15,250.1,251.25,5500371
2022-07-21 00:00:00+05:30,251.0,253.45,249.45,251.75,2857797
2022-07-22 00:00:00+05:30,252.5,254.0,250.05,252.65,3404782
2022-07-25 00:00:00+05:30,252.6,261.9,251.7,260.75,8186609
2022-07-26 00:00:00+05:30,261.5,261.6,254.35,258.55,3777193
2022-07-27 00:00:00+05:30,258.3,262.3,257.55,260.45,3663059
2022-07-28 00:00:00+05:30,262.35,264.5,260.4,263.15,2712234
2022-07-29 00:00:00+05:30,264.1,266.9,262.0,262.85,2716311
2022-08-01 00:00:00+05:30,264.45,272.85,263.1,270.45,5032085
2022-08-02 00:00:00+05:30,270.4,273.5,266.1,268.45,5063176
2022-08-03 00:00:00+05:30,268.35,275.0,267.1,273.95,5485535
2022-08-04 00:00:00+05:30,275.15,275.3,265.45,270.45,4965712
2022-08-05 00:00:00+05:30,269.9,273.9,267.7,269.8,5542385
2022-08-08 00:00:00+05:30,271.25,272.7,266.85,270.85,6028420
2022-08-10 00:00:00+05:30,272.4,277.15,266.35,268.25,14559571
2022-08-11 00:00:00+05:30,270.95,278.9,269.95,277.2,12219650
2022-08-12 00:00:00+05:30,277.75,277.8,270.55,271.95,5596666
2022-08-16 00:00:00+05:30,273.0,277.3,272.0,275.45,10178621
2022-08-17 00:00:00+05:30,277.5,280.55,274.5,275.25,8140551
2022-08-18 00:00:00+05:30,276.75,281.15,274.15,275.35,6128006
2022-08-19 00:00:00+05:30,276.75,277.55,268.9,271.45,4199934
2022-08-22 00:00:00+05:30,271.45,271.8,265.05,267.35,3445250
2022-08-23 00:00:00+05:30,264.5,274.3,263.35,273.25,4124063
2022-08-24 00:00:00+05:30,273.2,275.7,271.3,274.9,3078936
2022-08-25 00:00:00+05:30,275.75,277.1,272.95,273.4,2465144
2022-08-26 00:00:00+05:30,275.5,282.0,275.0,280.85,5389031
2022-08-29 00:00:00+05:30,272.0,284.5,272.0,282.0,4252909
2022-08-30 00:00:00+05:30,284.2,288.2,283.6,285.45,6454591
2022-09-01 00:00:00+05:30,284.7,295.6,281.95,294.7,8427265
2022-09-02 00:00:00+05:30,295.9,298.95,293.1,296.6,4229164
2022-09-05 00:00:00+05:30,297.4,311.3,296.9,309.95,8941388
2022-09-06 00:00:00+05:30,310.45,311.45,303.75,305.15,5498799
2022-09-07 00:00:00+05:30,305.5,313.8,304.1,307.5,6284102
2022-09-08 00:00:00+05:30,309.9,311.4,307.7,309.4,3329888
2022-09-09 00:00:00+05:30,311.4,314.9,309.8,312.5,3824543
2022-09-12 00:00:00+05:30,313.85,316.45,312.2,314.95,2682918
2022-09-13 00:00:00+05:30,316.4,319.95,314.55,317.45,2730374
2022-09-14 00:00:00+05:30,314.0,326.3,313.45,321.4,7405696
2022-09-15 00:00:00+05:30,323.7,335.45,320.35,333.9,10952542
2022-09-16 00:00:00+05:30,334.1,337.2,319.0,322.0,17503183
2022-09-19 00:00:00+05:30,319.0,324.5,316.7,319.75,5287152
2022-09-20 00:00:00+05:30,321.45,328.3,321.0,326.35,3761292
2022-09-21 00:00:00+05:30,326.8,328.6,322.05,325.85,2490799
2022-09-22 00:00:00+05:30,324.85,334.85,323.9,333.85,4692825
2022-09-23 00:00:00+05:30,334.3,336.25,323.45,326.8,5791275
2022-09-26 00:00:00+05:30,324.8,329.75,305.45,316.3,7818248
2022-09-27 00:00:00+05:30,319.9,330.4,313.7,327.5,8422268
2022-09-28 00:00:00+05:30,327.4,333.0,323.85,324.95,8068423
2022-09-29 00:00:00+05:30,328.4,329.9,321.7,326.9,4592766
2022-09-30 00:00:00+05:30,326.2,333.25,321.4,331.7,5038257
2022-10-03 00:00:00+05:30,333.9,346.85,331.15,336.85,11918533
2022-10-04 00:00:00+05:30,343.45,346.2,339.0,344.25,6720506
2022-10-06 00:00:00+05:30,346.9,348.45,339.0,341.6,5900933
2022-10-07 00:00:00+05:30,342.5,347.1,336.1,341.35,8199762
2022-10-10 00:00:00+05:30,339.0,344.3,335.2,337.15,4647522
2022-10-11 00:00:00+05:30,338.8,340.45,328.7,330.35,4880130
2022-10-12 00:00:00+05:30,329.0,333.2,327.75,330.5,5657173
2022-10-13 00:00:00+05:30,332.0,332.9,312.7,317.15,8894689
2022-10-14 00:00:00+05:30,324.0,324.0,308.6,309.75,6889203
2022-10-17 00:00:00+05:30,308.0,318.95,305.0,318.25,6195992
2022-10-18 00:00:00+05:30,320.2,326.75,316.4,323.4,6590218
2022-10-19 00:00:00+05:30,324.6,324.7,319.25,321.2,3421227
2022-10-20 00:00:00+05:30,320.0,322.85,312.25,313.7,4131523
2022-10-21 00:00:00+05:30,314.0,316.5,311.0,313.6,3269322
2022-10-24 00:00:00+05:30,316.65,316.9,311.0,316.15,635878
2022-10-25 00:00:00+05:30,317.55,321.4,314.75,319.75,3616795
2022-10-27 00:00:00+05:30,321.45,323.7,317.25,322.0,2872053
2022-10-28 00:00:00+05:30,322.3,323.2,319.2,322.25,2049533
2022-10-31 00:00:00+05:30,324.4,334.65,322.5,333.8,4724395
2022-11-01 00:00:00+05:30,334.85,342.65,334.5,341.4,5009143
2022-11-02 00:00:00+05:30,342.4,345.0,339.05,342.4,3934153
2022-11-03 00:00:00+05:30,340.8,346.75,337.5,339.95,3584088
2022-11-04 00:00:00+05:30,340.65,344.1,333.55,334.75,4918508
2022-11-07 00:00:00+05:30,337.0,345.75,335.35,343.75,4725337
2022-11-09 00:00:00+05:30,346.5,346.6,336.15,337.5,6191564
2022-11-10 00:00:00+05:30,337.0,344.2,331.85,338.7,6333700
2022-11-11 00:00:00+05:30,349.0,349.0,308.65,315.35,30427808
2022-11-14 00:00:00+05:30,316.3,317.2,304.3,312.65,13352240
2022-11-15 00:00:00+05:30,314.0,316.55,308.95,312.0,5724757
2022-11-16 00:00:00+05:30,313.7,321.95,304.45,310.3,11959478
2022-11-17 00:00:00+05:30,311.0,317.8,306.65,315.6,9813569
2022-11-18 00:00:00+05:30,317.9,320.45,312.45,313.9,6961556
2022-11-21 00:00:00+05:30,314.2,318.25,313.0,316.5,5710316
2022-11-22 00:00:00+05:30,317.95,320.3,314.3,318.3,4820283
2022-11-23 00:00:00+05:30,320.35,320.35,316.65,318.3,4492020
2022-11-24 00:00:00+05:30,319.0,319.85,315.1,317.75,5245401
2022-11-25 00:00:00+05:30,319.4,324.25,318.55,322.0,5361133
2022-11-28 00:00:00+05:30,321.85,327.0,319.3,325.85,6391422
2022-11-29 00:00:00+05:30,325.5,326.25,315.05,316.2,4642496
2022-11-30 00:00:00+05:30,317.2,325.2,316.3,321.65,116361726
2022-12-01 00:00:00+05:30,321.5,324.9,318.7,324.0,5236081
2022-12-02 00:00:00+05:30,324.5,326.75,322.5,324.55,2541213
2022-12-05 00:00:00+05:30,325.85,326.35,321.1,324.25,2844044
2022-12-06 00:00:00+05:30,323.6,328.85,321.55,327.95,3795855
2022-12-07 00:00:00+05:30,328.0,329.9,323.3,325.15,1917604
2022-12-08 00:00:00+05:30,326.0,328.55,324.7,327.1,1866220
2022-12-09 00:00:00+05:30,327.9,332.0,323.25,330.1,3530051
2022-12-12 00:00:00+05:30,330.0,334.7,328.0,332.85,4086392
2022-12-13 00:00:00+05:30,333.5,334.8,325.55,327.6,3005181
2022-12-14 00:00:00+05:30,329.35,334.1,328.55,333.5,4038800
2022-12-15 00:00:00+05:30,333.95,335.9,331.5,333.25,3169919
2022-12-16 00:00:00+05:30,331.75,334.25,325.85,327.15,4900647
2022-12-19 00:00:00+05:30,327.15,328.4,320.25,326.8,3337250
2022-12-20 00:00:00+05:30,326.0,328.35,320.4,324.6,3438177
2022-12-21 00:00:00+05:30,326.2,327.2,304.8,309.45,6052926
2022-12-22 00:00:00+05:30,309.0,312.15,294.8,304.05,9373234
2022-12-23 00:00:00+05:30,298.0,302.35,294.85,299.5,8489375
2022-12-26 00:00:00+05:30,296.0,315.8,295.25,314.35,7047516
2022-12-27 00:00:00+05:30,316.5,318.2,310.5,314.45,2856144
2022-12-28 00:00:00+05:30,314.0,317.15,308.0,316.1,4590662
2022-12-29 00:00:00+05:30,313.0,315.9,310.6,313.65,4182789
2022-12-30 00:00:00+05:30,315.25,321.0,313.1,318.65,4873538
2023-01-02 00:00:00+05:30,318.65,320.25,315.95,317.2,2021729
2023-01-03 00:00:00+05:30,317.2,321.15,316.4,320.2,1658599
2023-01-04 00:00:00+05:30,319.85,321.25,313.4,314.6,1967718
2023-01-05 00:00:00+05:30,315.0,316.0,309.65,314.45,2130168
2023-01-06 00:00:00+05:30,314.4,315.4,306.7,310.3,1970194
2023-01-09 00:00:00+05:30,311.55,315.75,310.7,314.55,2758554
2023-01-10 00:00:00+05:30,314.55,314.6,307.05,310.35,2375876
2023-01-11 00:00:00+05:30,310.4,314.15,308.7,310.35,1666652
2023-01-12 00:00:00+05:30,312.0,312.6,308.1,309.8,3779647
2023-01-13 00:00:00+05:30,309.95,312.45,307.3,309.35,4475889
2023-01-16 00:00:00+05:30,309.35,311.45,303.45,305.3,2156472
2023-01-17 00:00:00+05:30,305.55,309.85,303.55,309.4,1980442
2023-01-18 00:00:00+05:30,309.4,309.5,302.9,303.8,3500225
2023-01-19 00:00:00+05:30,303.0,305.65,297.7,299.7,6648466
2023-01-20 00:00:00+05:30,300.7,301.2,293.75,295.55,2965885
2023-01-23 00:00:00+05:30,295.55,299.45,295.05,298.05,1550982
2023-01-24 00:00:00+05:30,299.0,301.45,296.3,300.65,1928448
2023-01-25 00:00:00+05:30,301.35,302.0,288.85,291.45,3868054
2023-01-27 00:00:00+05:30,292.15,293.35,280.05,286.45,2707115
2023-01-30 00:00:00+05:30,287.95,297.3,286.1,291.3,6765564
2023-01-31 00:00:00+05:30,292.55,305.0,290.75,301.0,12635485
2023-02-01 00:00:00+05:30,318.0,330.45,310.2,326.7,29448497
2023-02-02 00:00:00+05:30,322.0,327.9,313.3,318.0,7762880
2023-02-03 00:00:00+05:30,318.0,320.4,313.7,318.25,3399231
2023-02-06 00:00:00+05:30,318.25,319.7,311.15,314.75,3217356
2023-02-07 00:00:00+05:30,314.75,317.45,311.25,316.45,2319895
2023-02-08 00:00:00+05:30,317.45,320.0,314.0,318.45,3828635
2023-02-09 00:00:00+05:30,319.0,322.1,317.6,319.65,2454873
2023-02-10 00:00:00+05:30,318.75,325.0,318.05,323.75,2013698
2023-02-13 00:00:00+05:30,323.75,323.9,316.05,317.4,1552198
2023-02-14 00:00:00+05:30,317.4,318.15,310.6,314.25,2393767
2023-02-15 00:00:00+05:30,312.7,317.45,311.65,315.05,1353334
2023-02-16 00:00:00+05:30,316.6,323.4,316.05,321.95,3051073
2023-02-17 00:00:00+05:30,322.0,325.0,317.05,318.1,1755117
2023-02-20 00:00:00+05:30,318.8,319.9,314.2,314.75,1122331
2023-02-21 00:00:00+05:30,316.0,316.7,308.7,309.85,2178497
2023-02-22 00:00:00+05:30,308.0,309.2,298.2,299.6,4232835
2023-02-23 00:00:00+05:30,301.1,309.8,300.0,308.3,4408387
2023-02-24 00:00:00+05:30,309.45,314.4,308.15,309.6,3867681
2023-02-27 00:00:00+05:30,310.1,318.0,307.45,315.1,2772486
2023-02-28 00:00:00+05:30,316.45,318.35,308.7,310.75,6413231
2023-03-01 00:00:00+05:30,312.0,316.9,309.35,315.0,1756767
2023-03-02 00:00:00+05:30,315.8,318.5,313.65,315.1,1906846
2023-03-03 00:00:00+05:30,316.05,320.0,315.5,318.05,2452201
2023-03-06 00:00:00+05:30,319.3,322.5,317.3,319.7,2872021
2023-03-08 00:00:00+05:30,319.7,327.75,318.05,327.0,2310325
2023-03-09 00:00:00+05:30,327.2,330.7,321.05,321.8,3685557
2023-03-10 00:00:00+05:30,321.5,321.5,313.4,317.35,1983100
2023-03-13 00:00:00+05:30,317.35,318.3,310.55,312.15,2251942
2023-03-14 00:00:00+05:30,312.1,316.75,306.7,315.65,2813465
2023-03-15 00:00:00+05:30,317.0,318.95,314.0,315.65,1572618
2023-03-16 00:00:00+05:30,313.15,321.9,312.15,320.9,2239532
2023-03-17 00:00:00+05:30,322.55,324.2,319.05,321.85,3180834
2023-03-20 00:00:00+05:30,324.4,324.4,311.45,315.1,1947923
2023-03-21 00:00:00+05:30,316.7,319.9,315.95,317.85,1793808
2023-03-22 00:00:00+05:30,318.85,319.75,312.65,315.1,1524897
2023-03-23 00:00:00+05:30,315.05,318.3,313.4,314.05,1778728
2023-03-24 00:00:00+05:30,314.0,315.95,309.4,310.45,1383891
2023-03-27 00:00:00+05:30,310.45,311.8,303.0,304.95,2877356
2023-03-28 00:00:00+05:30,306.5,313.5,302.1,312.1,3338848
2023-03-29 00:00:00+05:30,312.0,319.8,310.0,319.05,3193116
2023-03-31 00:00:00+05:30,320.5,326.8,318.85,324.35,3928162
2023-04-03 00:00:00+05:30,324.8,325.0,319.15,321.05,4349256
2023-04-05 00:00:00+05:30,320.0,324.65,318.1,323.9,2016527
2023-04-06 00:00:00+05:30,323.9,330.3,322.55,326.75,3880533
2023-04-10 00:00:00+05:30,327.5,332.25,324.65,328.0,3406679
2023-04-11 00:00:00+05:30,328.9,330.5,324.7,327.35,4266651
2023-04-12 00:00:00+05:30,327.4,331.85,325.25,330.75,2710628
2023-04-13 00:00:00+05:30,331.7,333.1,325.45,328.05,3140060
2023-04-17 00:00:00+05:30,327.5,333.5,326.25,332.4,3574529
2023-04-18 00:00:00+05:30,334.0,334.4,326.5,330.4,2741843
2023-04-19 00:00:00+05:30,332.45,334.95,328.65,330.55,2359012
2023-04-20 00:00:00+05:30,330.55,336.25,329.6,335.1,2903755
2023-04-21 00:00:00+05:30,337.0,338.6,333.15,336.75,3418976
2023-04-24 00:00:00+05:30,336.75,339.9,330.95,339.0,2999129
2023-04-25 00:00:00+05:30,338.45,341.0,337.55,338.85,1573448
2023-04-26 00:00:00+05:30,340.0,345.8,339.45,340.95,4497928
2023-04-27 00:00:00+05:30,342.0,343.4,336.65,340.0,3883042
2023-04-28 00:00:00+05:30,348.0,348.0,336.6,339.1,13144055
2023-05-02 00:00:00+05:30,342.2,350.6,340.3,347.45,9032408
2023-05-03 00:00:00+05:30,348.4,363.0,346.8,354.9,13208635
2023-05-04 00:00:00+05:30,357.2,359.5,352.5,357.2,4601660
2023-05-05 00:00:00+05:30,358.5,364.35,357.0,358.7,4722961
2023-05-08 00:00:00+05:30,363.0,374.0,361.85,370.1,10283508
2023-05-09 00:00:00+05:30,371.95,377.95,371.1,374.25,7795963
2023-05-10 00:00:00+05:30,374.2,375.95,367.3,371.35,3464915
2023-05-11 00:00:00+05:30,370.0,375.0,364.45,365.55,3099638
2023-05-12 00:00:00+05:30,367.0,367.0,353.5,357.6,12291661
2023-05-15 00:00:00+05:30,358.5,358.65,350.5,353.35,4013236
2023-05-16 00:00:00+05:30,355.0,371.6,355.0,363.75,10241550
2023-05-17 00:00:00+05:30,366.0,376.4,364.25,367.5,10649382
2023-05-18 00:00:00+05:30,369.45,372.5,365.25,366.6,4462806
2023-05-19 00:00:00+05:30,367.4,376.5,366.95,372.35,7034650
2023-05-22 00:00:00+05:30,371.75,375.4,369.2,371.2,2920212
2023-05-23 00:00:00+05:30,372.0,375.95,368.4,371.0,3058696
2023-05-24 00:00:00+05:30,371.05,377.45,369.2,375.25,4692522
2023-05-25 00:00:00+05:30,375.3,389.4,374.3,380.6,9253281
2023-05-26 00:00:00+05:30,381.8,386.0,381.1,383.95,2607569
2023-05-29 00:00:00+05:30,385.0,386.95,377.5,380.0,4011007
2023-05-30 00:00:00+05:30,380.85,386.0,379.25,385.45,2980523
2023-05-31 00:00:00+05:30,385.0,395.0,381.2,389.7,17417007
2023-06-01 00:00:00+05:30,389.7,396.4,386.2,395.7,5081690
2023-06-02 00:00:00+05:30,397.3,399.3,394.45,395.65,4398205
2023-06-05 00:00:00+05:30,396.0,399.25,388.25,389.8,4593591
2023-06-06 00:00:00+05:30,391.75,393.9,385.1,389.25,5116106
2023-06-07 00:00:00+05:30,392.0,397.25,389.45,395.85,2834627
2023-06-08 00:00:00+05:30,396.0,398.6,380.0,380.8,4946671
2023-06-09 00:00:00+05:30,383.0,386.05,381.0,381.95,4212790
2023-06-12 00:00:00+05:30,383.05,389.0,380.6,387.7,3749939
2023-06-13 00:00:00+05:30,389.25,394.6,388.4,393.35,3811857
2023-06-14 00:00:00+05:30,393.45,397.25,389.9,391.3,2881178
2023-06-15 00:00:00+05:30,393.1,395.95,391.2,393.45,2576653
2023-06-16 00:00:00+05:30,394.7,404.2,393.15,403.25,4845961
2023-06-19 00:00:00+05:30,406.0,406.0,393.5,396.15,2891291
2023-06-20 00:00:00+05:30,396.5,397.25,392.0,394.5,5053569
2023-06-21 00:00:00+05:30,397.0,403.0,394.1,396.8,5324374
2023-06-22 00:00:00+05:30,396.95,396.95,381.6,382.65,3244877
2023-06-23 00:00:00+05:30,383.4,386.55,378.45,380.4,3902114
2023-06-26 00:00:00+05:30,380.35,386.0,379.15,383.6,2261966
2023-06-27 00:00:00+05:30,386.0,386.5,378.85,383.55,3555619
2023-06-28 00:00:00+05:30,385.0,398.25,384.35,396.45,7311704
2023-06-30 00:00:00+05:30,398.0,398.5,390.65,392.5,4804430
2023-07-03 00:00:00+05:30,394.9,395.0,388.0,390.4,1522979
2023-07-04 00:00:00+05:30,390.4,393.7,380.0,380.75,2355595
2023-07-05 00:00:00+05:30,381.15,383.8,376.65,380.35,3591448
2023-07-06 00:00:00+05:30,379.95,386.45,378.0,385.15,2965148
2023-07-07 00:00:00+05:30,386.85,392.55,380.35,382.45,4322916
2023-07-10 00:00:00+05:30,384.0,387.5,381.25,384.85,1888465
2023-07-11 00:00:00+05:30,386.0,394.8,385.4,391.95,5866374
2023-07-12 00:00:00+05:30,393.3,397.85,390.55,392.3,4704057
2023-07-13 00:00:00+05:30,394.8,396.0,386.3,387.45,3948469
2023-07-14 00:00:00+05:30,389.5,391.85,384.55,389.65,2523610
2023-07-17 00:00:00+05:30,391.2,393.95,388.0,390.1,2677870
2023-07-18 00:00:00+05:30,393.95,394.0,384.85,388.3,2728824
2023-07-19 00:00:00+05:30,388.95,403.0,388.3,400.25,4318029
2023-07-20 00:00:00+05:30,405.0,405.8,396.45,398.6,4567515
2023-07-21 00:00:00+05:30,399.5,401.35,390.6,393.75,2856935
2023-07-24 00:00:00+05:30,395.0,395.2,387.0,391.6,3130735
2023-07-25 00:00:00+05:30,392.4,396.35,388.0,392.15,2450471
2023-07-26 00:00:00+05:30,393.3,395.8,389.1,390.2,2307085
2023-07-27 00:00:00+05:30,391.95,392.65,383.8,384.95,3689432
2023-07-28 00:00:00+05:30,379.0,393.65,378.55,391.65,5986681
2023-07-31 00:00:00+05:30,392.2,395.9,390.7,395.1,2423957
2023-08-01 00:00:00+05:30,395.0,401.9,394.35,396.45,1862465
2023-08-02 00:00:00+05:30,395.55,400.7,390.5,395.75,3668591
2023-08-03 00:00:00+05:30,395.0,397.25,391.2,393.7,1444757
2023-08-04 00:00:00+05:30,394.95,401.45,394.45,395.85,2799723
2023-08-07 00:00:00+05:30,397.95,399.25,392.75,394.4,1106933
2023-08-08 00:00:00+05:30,395.0,396.3,384.7,388.65,2362513
2023-08-09 00:00:00+05:30,388.7,390.0,383.85,386.35,2699907
2023-08-10 00:00:00+05:30,387.0,387.0,381.5,382.55,1630569
2023-08-11 00:00:00+05:30,383.0,389.25,381.65,387.05,1707604
2023-08-14 00:00:00+05:30,386.9,387.5,380.2,383.15,1515586
2023-08-16 00:00:00+05:30,381.0,384.9,378.0,383.2,2673943
2023-08-17 00:00:00+05:30,382.0,387.6,381.25,382.2,2255954
2023-08-18 00:00:00+05:30,381.9,384.0,376.9,381.65,3380576
2023-08-21 00:00:00+05:30,381.0,384.35,377.4,379.4,3783544
2023-08-22 00:00:00+05:30,379.4,389.4,379.4,388.6,3050549
2023-08-23 00:00:00+05:30,388.35,408.45,387.25,401.1,7685814
2023-08-24 00:00:00+05:30,404.05,407.1,401.45,401.95,3231012
2023-08-25 00:00:00+05:30,400.5,401.05,390.7,392.0,2242422
2023-08-28 00:00:00+05:30,393.0,397.8,391.55,393.8,2570095
2023-08-29 00:00:00+05:30,394.4,396.25,392.3,393.25,1175670
2023-08-30 00:00:00+05:30,394.0,418.6,393.85,416.65,13572441
2023-08-31 00:00:00+05:30,422.2,425.5,418.8,420.9,8176611
2023-09-01 00:00:00+05:30,421.9,427.5,415.7,424.25,3552699
2023-09-04 00:00:00+05:30,424.5,427.5,418.1,420.85,3393492
2023-09-05 00:00:00+05:30,423.95,425.8,419.85,422.45,1917747
2023-09-06 00:00:00+05:30,423.9,433.2,422.05,431.5,4575749
2023-09-07 00:00:00+05:30,432.0,436.45,425.0,427.0,3975992
2023-09-08 00:00:00+05:30,429.95,432.4,428.0,429.55,2326946
2023-09-11 00:00:00+05:30,430.45,432.65,427.75,429.95,2595165
2023-09-12 00:00:00+05:30,431.0,433.75,419.05,420.55,3376588
2023-09-13 00:00:00+05:30,420.0,420.95,407.35,414.65,4941740
2023-09-14 00:00:00+05:30,414.7,424.7,413.7,423.65,2921406
2023-09-15 00:00:00+05:30,428.0,431.95,415.4,416.65,5623551
2023-09-18 00:00:00+05:30,419.8,419.8,413.5,415.75,1821991
2023-09-20 00:00:00+05:30,416.25,421.55,413.0,418.0,2329586
2023-09-21 00:00:00+05:30,416.75,416.75,405.05,406.8,2460210
2023-09-22 00:00:00+05:30,407.0,411.35,402.65,406.25,2478833
2023-09-25 00:00:00+05:30,406.25,410.75,400.45,408.6,3601670
2023-09-26 00:00:00+05:30,408.45,414.2,405.55,410.5,1963642
2023-09-27 00:00:00+05:30,412.95,414.9,411.4,413.15,2458909
2023-09-28 00:00:00+05:30,412.95,414.7,404.0,405.15,2224890
2023-09-29 00:00:00+05:30,408.9,412.25,403.3,411.1,2722052
2023-10-03 00:00:00+05:30,412.0,416.45,406.0,413.0,3333713
2023-10-04 00:00:00+05:30,411.75,416.0,401.6,406.55,2906086
2023-10-05 00:00:00+05:30,411.1,419.3,407.9,417.5,3093788
2023-10-06 00:00:00+05:30,419.5,424.75,418.25,422.95,2577983
2023-10-09 00:00:00+05:30,420.0,420.7,413.3,415.5,2768044
2023-10-10 00:00:00+05:30,418.4,419.25,415.45,416.35,1022044
2023-10-11 00:00:00+05:30,417.45,422.9,414.3,414.85,2537529
2023-10-12 00:00:00+05:30,418.0,419.8,413.55,416.5,2455507
2023-10-13 00:00:00+05:30,414.0,417.35,411.2,414.75,2715674
2023-10-16 00:00:00+05:30,414.0,420.5,411.75,416.7,2135138
2023-10-17 00:00:00+05:30,417.0,423.45,416.5,420.1,2207161
2023-10-18 00:00:00+05:30,419.8,421.8,411.6,412.85,2577691
2023-10-19 00:00:00+05:30,411.7,416.0,407.55,414.0,2055651
2023-10-20 00:00:00+05:30,413.0,413.0,403.6,404.95,3027378
2023-10-23 00:00:00+05:30,406.0,408.0,393.25,395.85,4580694
2023-10-25 00:00:00+05:30,397.1,398.25,387.6,389.55,5099593
2023-10-26 00:00:00+05:30,385.25,387.6,371.65,374.8,6679568
2023-10-27 00:00:00+05:30,378.0,384.85,371.6,374.55,8113269
2023-10-30 00:00:00+05:30,377.8,384.7,372.65,382.1,5308844
2023-10-31 00:00:00+05:30,384.85,385.9,380.1,383.4,2300685
2023-11-01 00:00:00+05:30,384.0,390.95,384.0,389.1,2570151
2023-11-02 00:00:00+05:30,391.95,393.7,387.3,390.25,1425611
2023-11-03 00:00:00+05:30,393.0,393.6,389.0,392.9,1851600
2023-11-06 00:00:00+05:30,393.8,397.65,393.25,395.35,2330301
2023-11-07 00:00:00+05:30,396.6,403.35,394.2,401.5,2919260
2023-11-08 00:00:00+05:30,403.45,406.55,399.0,405.65,2451875
2023-11-09 00:00:00+05:30,405.65,406.9,403.55,405.45,2153695
2023-11-10 00:00:00+05:30,405.0,410.1,403.2,409.45,1856115
2023-11-12 00:00:00+05:30,413.5,413.5,410.1,411.35,357103
2023-11-13 00:00:00+05:30,410.0,411.25,406.2,410.65,3025750
2023-11-15 00:00:00+05:30,412.0,413.5,409.6,411.4,2258736
2023-11-16 00:00:00+05:30,411.2,415.0,409.0,412.65,1269668
2023-11-17 00:00:00+05:30,412.0,415.45,409.75,411.2,1725808
2023-11-20 00:00:00+05:30,416.05,422.6,412.25,419.6,5008400
2023-11-21 00:00:00+05:30,421.1,421.8,417.9,420.8,2086054
2023-11-22 00:00:00+05:30,420.8,421.2,413.3,417.0,1286423
2023-11-23 00:00:00+05:30,417.0,422.35,415.7,420.1,1729291
2023-11-24 00:00:00+05:30,419.0,422.35,417.5,420.5,2440352
2023-11-28 00:00:00+05:30,422.0,424.75,418.3,422.75,2402488
2023-11-29 00:00:00+05:30,423.8,426.0,419.0,420.05,1513282
2023-11-30 00:00:00+05:30,420.05,423.15,418.0,421.7,3944054
2023-12-01 00:00:00+05:30,422.0,429.9,421.7,426.4,3587510
2023-12-04 00:00:00+05:30,430.0,436.05,427.55,434.0,3028240
2023-12-05 00:00:00+05:30,434.0,439.6,429.2,434.5,2227045
2023-12-06 00:00:00+05:30,435.65,440.8,434.05,437.95,1820312
2023-12-07 00:00:00+05:30,438.05,442.4,435.2,440.45,1680971
2023-12-08 00:00:00+05:30,440.95,441.75,432.35,435.5,1606867
2023-12-11 00:00:00+05:30,435.5,441.9,432.55,441.0,1729172
2023-12-12 00:00:00+05:30,440.5,445.85,435.65,438.25,2375740
2023-12-13 00:00:00+05:30,436.6,438.85,431.65,434.55,2279696
2023-12-14 00:00:00+05:30,437.1,443.6,434.55,441.25,1693787
2023-12-15 00:00:00+05:30,444.6,444.6,437.4,439.65,2642024
2023-12-18 00:00:00+05:30,439.6,450.0,436.1,448.9,4328624
2023-12-19 00:00:00+05:30,449.95,449.95,441.35,444.55,2177697
2023-12-20 00:00:00+05:30,448.0,448.0,420.0,424.25,2426020
2023-12-21 00:00:00+05:30,420.2,430.65,416.9,429.35,2058616
2023-12-22 00:00:00+05:30,429.0,440.4,427.9,439.2,2628120
2023-12-26 00:00:00+05:30,440.45,443.6,435.0,436.55,1207519
2023-12-27 00:00:00+05:30,437.65,442.2,434.45,436.85,1815608
2023-12-28 00:00:00+05:30,435.0,442.4,431.1,433.45,6971605
2023-12-29 00:00:00+05:30,434.2,439.5,431.5,438.35,1519915
2024-01-01 00:00:00+05:30,440.0,441.4,434.45,436.1,928581
2024-01-02 00:00:00+05:30,437.0,440.4,429.25,438.2,2850481
2024-01-03 00:00:00+05:30,439.25,455.0,438.0,451.45,5554842
2024-01-04 00:00:00+05:30,454.85,464.65,451.1,462.8,5215576
2024-01-05 00:00:00+05:30,467.0,467.0,453.9,456.05,2712213
2024-01-08 00:00:00+05:30,461.45,461.5,450.0,451.65,1954521
2024-01-09 00:00:00+05:30,458.9,460.7,452.2,458.55,2197685
2024-01-10 00:00:00+05:30,458.5,461.0,453.25,458.4,1519799
2024-01-11 00:00:00+05:30,459.95,463.85,458.2,459.55,1429325
2024-01-12 00:00:00+05:30,464.0,464.0,456.35,461.55,1591267
2024-01-15 00:00:00+05:30,465.0,478.5,459.8,476.95,4458232
2024-01-16 00:00:00+05:30,478.9,478.95,461.4,468.45,2895440
2024-01-17 00:00:00+05:30,466.0,469.15,460.0,461.95,2775046
2024-01-18 00:00:00+05:30,458.65,467.8,450.6,463.6,3411840
2024-01-19 00:00:00+05:30,468.0,484.65,463.75,482.2,4333124
2024-01-20 00:00:00+05:30,485.0,486.3,474.45,479.1,2256239
2024-01-23 00:00:00+05:30,485.0,486.0,466.85,471.3,4050796
2024-01-24 00:00:00+05:30,472.05,481.9,466.15,480.35,2754783
2024-01-25 00:00:00+05:30,482.5,482.5,466.0,473.6,1845603
2024-01-29 00:00:00+05:30,473.6,500.0,473.6,496.15,8503267
2024-01-30 00:00:00+05:30,500.0,501.05,487.15,493.2,3676704
2024-01-31 00:00:00+05:30,495.85,496.2,488.0,492.65,2911432
2024-02-01 00:00:00+05:30,495.45,496.5,486.95,494.55,1703943
2024-02-02 00:00:00+05:30,515.95,515.95,497.75,500.0,8862376
2024-02-05 00:00:00+05:30,505.0,513.45,500.35,509.1,4845339
2024-02-06 00:00:00+05:30,510.0,511.5,504.55,506.15,1032953
2024-02-07 00:00:00+05:30,508.4,527.65,508.4,524.75,6135635
2024-02-08 00:00:00+05:30,527.45,530.5,523.0,525.1,2720940
2024-02-09 00:00:00+05:30,525.6,537.0,523.45,532.95,5010458
2024-02-12 00:00:00+05:30,535.55,538.55,526.35,530.4,6533765
2024-02-13 00:00:00+05:30,530.4,532.2,515.4,523.6,1598809
2024-02-14 00:00:00+05:30,518.0,529.4,515.0,527.7,2394798
2024-02-15 00:00:00+05:30,528.85,531.5,524.95,527.6,1539340
2024-02-16 00:00:00+05:30,529.75,540.9,525.7,537.55,2301137
2024-02-19 00:00:00+05:30,538.5,544.6,535.1,542.45,2610308
2024-02-20 00:00:00+05:30,543.0,551.2,542.8,548.65,2492365
2024-02-21 00:00:00+05:30,548.75,564.65,546.15,557.0,3129382
2024-02-22 00:00:00+05:30,559.95,583.2,552.9,578.85,7699038
2024-02-23 00:00:00+05:30,580.0,602.75,579.0,594.5,6840055
2024-02-26 00:00:00+05:30,594.5,599.5,567.0,579.7,12304371
2024-02-27 00:00:00+05:30,579.0,594.25,575.25,589.25,2853137
2024-02-28 00:00:00+05:30,588.05,590.0,566.3,570.9,3555297
2024-02-29 00:00:00+05:30,570.9,589.75,564.5,586.7,6652490
2024-03-01 00:00:00+05:30,589.9,594.9,585.1,589.25,4153999
2024-03-02 00:00:00+05:30,592.0,597.0,585.85,589.5,335997
2024-03-04 00:00:00+05:30,589.0,592.05,583.6,588.35,4294901
2024-03-05 00:00:00+05:30,589.0,594.8,583.55,584.85,2307428
2024-03-06 00:00:00+05:30,586.9,587.2,565.1,574.1,4919809
2024-03-07 00:00:00+05:30,577.0,589.7,575.0,587.7,2853111
2024-03-11 00:00:00+05:30,582.0,588.15,569.5,572.9,6383737
2024-03-12 00:00:00+05:30,570.1,576.35,563.2,568.25,2126951
2024-03-13 00:00:00+05:30,573.95,577.25,540.25,544.7,4503786
2024-03-14 00:00:00+05:30,543.0,567.95,531.05,565.35,2123175
2024-03-15 00:00:00+05:30,565.0,565.9,549.95,562.3,3026811
2024-03-18 00:00:00+05:30,562.5,562.5,545.45,552.9,3707336
2024-03-19 00:00:00+05:30,552.95,557.3,545.0,549.1,1992559
2024-03-20 00:00:00+05:30,550.0,556.0,541.05,547.9,1320067
2024-03-21 00:00:00+05:30,550.0,564.95,548.9,563.4,1660541
2024-03-22 00:00:00+05:30,562.9,564.7,554.5,557.05,2340891
2024-03-26 00:00:00+05:30,549.05,570.95,549.05,568.95,1818254
2024-03-27 00:00:00+05:30,569.55,593.0,569.1,585.85,6671977
2024-03-28 00:00:00+05:30,589.5,595.55,583.1,591.15,4201009
2024-04-01 00:00:00+05:30,600.0,606.4,594.25,601.4,4491705
2024-04-02 00:00:00+05:30,602.85,608.2,596.7,605.7,2448259
2024-04-03 00:00:00+05:30,603.95,618.45,599.95,614.15,4114999
2024-04-04 00:00:00+05:30,611.3,622.5,611.3,617.95,2743635
2024-04-05 00:00:00+05:30,620.0,622.2,608.65,613.3,2992901
2024-04-08 00:00:00+05:30,618.0,618.95,566.8,605.1,5948650
2024-04-09 00:00:00+05:30,608.0,608.0,594.5,597.1,1371873
2024-04-10 00:00:00+05:30,599.5,605.0,595.2,596.45,1126936
2024-04-12 00:00:00+05:30,598.8,615.9,596.65,607.45,6547758
2024-04-15 00:00:00+05:30,600.0,607.9,593.8,597.55,3255718
2024-04-16 00:00:00+05:30,597.6,604.8,581.75,583.65,5135358
2024-04-18 00:00:00+05:30,588.5,599.1,586.05,593.4,1922353
2024-04-19 00:00:00+05:30,585.95,598.85,579.25,597.05,3224498
2024-04-22 00:00:00+05:30,604.3,604.45,584.0,585.35,3414434
2024-04-23 00:00:00+05:30,588.7,607.0,585.5,604.3,2926476
2024-04-24 00:00:00+05:30,609.6,615.5,602.65,608.0,3503688
2024-04-25 00:00:00+05:30,590.0,599.7,576.0,577.25,10431160
2024-04-26 00:00:00+05:30,584.8,584.8,560.35,568.95,6897520
2024-04-29 00:00:00+05:30,575.0,585.9,572.0,582.6,5777304
2024-04-30 00:00:00+05:30,585.95,591.2,575.35,576.75,4807390
2024-05-02 00:00:00+05:30,578.55,584.15,575.0,576.15,2192757
2024-05-03 00:00:00+05:30,579.75,581.0,565.15,570.6,2071931
2024-05-06 00:00:00+05:30,573.4,578.5,570.15,571.3,1900584
2024-05-07 00:00:00+05:30,574.9,584.9,559.0,566.1,3998960
2024-05-08 00:00:00+05:30,565.8,571.0,560.05,563.55,2488807
2024-05-09 00:00:00+05:30,564.9,568.55,549.4,550.65,2103481
2024-05-10 00:00:00+05:30,552.1,552.9,538.1,543.55,3267167
2024-05-13 00:00:00+05:30,543.55,560.0,535.9,557.4,6078325
2024-05-14 00:00:00+05:30,559.95,566.6,556.2,564.55,2878223
2024-05-15 00:00:00+05:30,564.55,569.85,558.6,560.9,1687347
2024-05-16 00:00:00+05:30,563.8,574.8,561.6,568.8,2941336
2024-05-17 00:00:00+05:30,573.0,574.0,566.0,571.1,2434379
2024-05-18 00:00:00+05:30,571.3,574.8,569.2,570.6,199561
2024-05-21 00:00:00+05:30,570.75,572.45,561.6,569.15,2227289
2024-05-22 00:00:00+05:30,570.95,575.7,565.1,573.15,1349982
2024-05-23 00:00:00+05:30,573.45,576.7,563.25,566.1,1541100
