date,open,high,low,close,volume
2019-01-01 00:00:00+05:30,73.05,75.8,72.55,74.05,851
2019-01-02 00:00:00+05:30,73.1,74.5,72.0,72.45,720
2019-01-03 00:00:00+05:30,70.1,74.45,70.05,71.25,522
2019-01-04 00:00:00+05:30,71.35,74.0,71.35,73.55,1322
2019-01-07 00:00:00+05:30,74.5,74.5,72.25,72.3,110
2019-01-08 00:00:00+05:30,71.9,74.2,71.9,73.7,224
2019-01-09 00:00:00+05:30,74.5,74.75,73.8,73.8,403
2019-01-10 00:00:00+05:30,72.5,72.5,72.45,72.45,490
2019-01-11 00:00:00+05:30,71.55,75.65,71.55,72.2,465
2019-01-14 00:00:00+05:30,72.2,75.45,71.55,72.0,1586
2019-01-15 00:00:00+05:30,72.25,73.95,72.05,73.5,1198
2019-01-16 00:00:00+05:30,72.5,74.15,72.5,72.95,393
2019-01-17 00:00:00+05:30,72.5,72.5,68.5,70.1,2535
2019-01-18 00:00:00+05:30,69.25,71.9,68.0,70.4,3155
2019-01-21 00:00:00+05:30,69.0,71.7,67.25,68.45,1684
2019-01-22 00:00:00+05:30,71.6,71.6,67.1,69.45,2489
2019-01-23 00:00:00+05:30,68.0,69.0,67.35,69.0,755
2019-01-24 00:00:00+05:30,70.45,71.9,67.7,70.8,2269
2019-01-25 00:00:00+05:30,69.6,73.45,69.6,71.05,1630
2019-01-28 00:00:00+05:30,70.2,70.2,68.0,68.4,90
2019-01-29 00:00:00+05:30,68.3,70.0,66.05,68.5,1563
2019-01-30 00:00:00+05:30,72.0,73.95,67.15,69.95,197
2019-01-31 00:00:00+05:30,72.0,72.0,67.4,67.4,2414
2019-02-01 00:00:00+05:30,67.05,71.0,66.55,68.75,1395
2019-02-04 00:00:00+05:30,70.0,70.8,70.0,70.0,148
2019-02-05 00:00:00+05:30,69.0,69.0,65.25,66.15,295
2019-02-06 00:00:00+05:30,66.5,69.75,66.0,67.1,31
2019-02-07 00:00:00+05:30,66.25,66.35,66.2,66.35,566
2019-02-08 00:00:00+05:30,66.2,66.2,65.0,65.25,204
2019-02-11 00:00:00+05:30,65.05,68.5,62.0,62.05,1103
2019-02-12 00:00:00+05:30,60.2,63.8,60.0,63.1,981
2019-02-13 00:00:00+05:30,63.95,67.95,60.25,61.7,727
2019-02-14 00:00:00+05:30,61.7,61.7,58.05,59.9,648
2019-02-15 00:00:00+05:30,60.4,61.35,57.35,59.5,867
2019-02-18 00:00:00+05:30,59.5,59.5,59.5,59.5,1
2019-02-19 00:00:00+05:30,57.5,62.0,55.35,57.5,575
2019-02-20 00:00:00+05:30,56.95,62.5,54.0,57.5,3343
2019-02-21 00:00:00+05:30,57.5,68.95,57.45,60.25,569
2019-02-22 00:00:00+05:30,60.25,60.25,60.25,60.25,1
2019-02-25 00:00:00+05:30,64.95,64.95,57.3,61.7,212
2019-02-26 00:00:00+05:30,59.0,61.7,57.05,58.05,142
2019-02-27 00:00:00+05:30,55.0,59.0,55.0,56.5,2035
2019-02-28 00:00:00+05:30,56.3,60.5,56.3,56.5,186
2019-03-01 00:00:00+05:30,62.5,62.5,56.6,59.35,858
2019-03-05 00:00:00+05:30,69.0,69.0,60.2,67.2,3624
2019-03-06 00:00:00+05:30,69.3,70.0,65.6,66.9,1256
2019-03-07 00:00:00+05:30,66.0,73.9,63.75,70.0,3133
2019-03-08 00:00:00+05:30,68.5,70.0,66.3,68.3,2174
2019-03-11 00:00:00+05:30,68.35,68.35,66.0,67.95,3153
2019-03-12 00:00:00+05:30,72.0,74.1,63.2,67.65,6873
2019-03-13 00:00:00+05:30,67.0,70.0,65.2,67.45,1457
2019-03-14 00:00:00+05:30,66.0,67.45,65.1,65.35,606
2019-03-15 00:00:00+05:30,66.5,66.5,63.1,63.5,446
2019-03-18 00:00:00+05:30,68.8,68.8,60.2,62.15,1524
2019-03-19 00:00:00+05:30,61.6,67.0,61.5,65.05,1897
2019-03-20 00:00:00+05:30,64.15,66.0,64.15,66.0,684
2019-03-22 00:00:00+05:30,63.4,68.95,62.4,62.85,390
2019-03-25 00:00:00+05:30,62.85,62.85,62.4,62.5,600
2019-03-26 00:00:00+05:30,61.0,68.3,61.0,63.55,1260
2019-03-27 00:00:00+05:30,65.0,65.0,60.2,61.85,1244
2019-03-28 00:00:00+05:30,61.15,64.4,61.15,62.9,993
2019-03-29 00:00:00+05:30,64.4,65.05,57.1,60.1,4280
2019-04-01 00:00:00+05:30,63.7,65.95,60.55,63.0,3727
2019-04-02 00:00:00+05:30,62.5,64.5,61.3,61.35,2108
2019-04-03 00:00:00+05:30,63.4,64.9,63.0,63.3,2348
2019-04-04 00:00:00+05:30,64.75,64.75,62.4,64.0,744
2019-04-05 00:00:00+05:30,62.55,65.0,62.5,62.55,1026
2019-04-08 00:00:00+05:30,66.8,66.8,62.0,62.25,452
2019-04-09 00:00:00+05:30,64.0,64.0,62.0,63.85,70
2019-04-10 00:00:00+05:30,63.75,63.75,61.0,63.0,546
2019-04-11 00:00:00+05:30,64.0,66.8,62.0,62.25,1938
2019-04-12 00:00:00+05:30,62.05,62.05,61.05,61.7,500
2019-04-15 00:00:00+05:30,60.5,64.9,59.9,61.25,3271
2019-04-16 00:00:00+05:30,61.7,61.7,60.5,61.05,396
2019-04-18 00:00:00+05:30,61.05,62.0,60.0,61.0,1929
2019-04-22 00:00:00+05:30,61.15,62.3,59.3,59.4,83
2019-04-23 00:00:00+05:30,59.3,60.95,58.65,60.3,2014
2019-04-24 00:00:00+05:30,60.3,61.35,58.65,59.1,436
2019-04-25 00:00:00+05:30,60.0,60.0,58.75,58.75,276
2019-04-26 00:00:00+05:30,58.75,61.0,58.75,60.05,2648
2019-04-30 00:00:00+05:30,63.7,63.7,58.2,59.85,2382
2019-05-02 00:00:00+05:30,61.85,61.85,56.3,58.3,2774
2019-05-03 00:00:00+05:30,59.95,60.0,57.45,58.95,1972
2019-05-06 00:00:00+05:30,57.0,58.0,56.45,58.0,1002
2019-05-07 00:00:00+05:30,59.0,59.0,58.0,59.0,252
2019-05-08 00:00:00+05:30,59.0,59.0,56.0,56.0,228
2019-05-09 00:00:00+05:30,56.05,58.95,56.05,58.05,393
2019-05-10 00:00:00+05:30,56.35,57.9,56.35,57.45,465
2019-05-13 00:00:00+05:30,57.0,59.55,56.1,58.25,372
2019-05-14 00:00:00+05:30,56.25,60.0,56.25,58.8,1487
2019-05-15 00:00:00+05:30,57.6,60.0,57.3,57.3,903
2019-05-16 00:00:00+05:30,57.05,59.9,57.05,59.7,701
2019-05-17 00:00:00+05:30,59.8,59.9,58.85,58.85,1443
2019-05-20 00:00:00+05:30,58.5,63.0,58.5,60.95,600
2019-05-21 00:00:00+05:30,59.0,64.85,59.0,60.0,2253
2019-05-22 00:00:00+05:30,58.65,58.65,58.2,58.25,36
2019-05-23 00:00:00+05:30,58.35,58.4,58.0,58.15,896
2019-05-24 00:00:00+05:30,58.05,68.6,58.05,63.15,1456
2019-05-27 00:00:00+05:30,61.05,68.5,61.05,63.7,2352
2019-05-28 00:00:00+05:30,62.55,64.0,62.5,63.85,210
2019-05-29 00:00:00+05:30,62.0,76.6,61.5,76.6,32098
2019-05-30 00:00:00+05:30,84.0,86.0,73.15,74.8,41560
2019-05-31 00:00:00+05:30,78.65,78.65,68.5,70.75,4439
2019-06-03 00:00:00+05:30,69.0,69.0,65.0,65.45,2410
2019-06-04 00:00:00+05:30,69.0,69.0,65.45,65.9,1359
2019-06-06 00:00:00+05:30,63.0,67.9,62.9,65.0,808
2019-06-07 00:00:00+05:30,64.0,64.0,60.1,60.8,721
2019-06-10 00:00:00+05:30,60.0,63.0,59.0,61.4,1618
2019-06-11 00:00:00+05:30,60.0,64.75,57.15,60.75,1504
2019-06-12 00:00:00+05:30,59.0,61.0,57.6,58.0,862
2019-06-13 00:00:00+05:30,61.0,62.8,58.6,60.0,1539
2019-06-14 00:00:00+05:30,60.0,62.9,58.05,59.05,1012
2019-06-17 00:00:00+05:30,57.3,60.0,57.3,59.3,1775
2019-06-18 00:00:00+05:30,58.05,61.6,58.05,58.45,454
2019-06-19 00:00:00+05:30,62.95,62.95,56.5,57.1,625
2019-06-20 00:00:00+05:30,56.05,61.65,56.05,58.5,1907
2019-06-21 00:00:00+05:30,57.4,60.8,56.6,57.95,530
2019-06-24 00:00:00+05:30,58.0,58.0,58.0,58.0,1
2019-06-25 00:00:00+05:30,58.05,59.75,57.7,58.0,484
2019-06-26 00:00:00+05:30,56.5,62.7,56.05,59.3,350
2019-06-27 00:00:00+05:30,58.0,60.8,58.0,58.1,634
2019-06-28 00:00:00+05:30,57.5,59.5,57.0,59.45,623
2019-07-01 00:00:00+05:30,58.5,59.5,56.1,58.35,1971
2019-07-02 00:00:00+05:30,59.15,59.15,57.55,58.85,114
2019-07-03 00:00:00+05:30,58.85,58.85,57.25,57.75,524
2019-07-04 00:00:00+05:30,57.05,59.85,57.05,58.8,653
2019-07-05 00:00:00+05:30,59.75,60.0,58.0,58.3,1505
2019-07-08 00:00:00+05:30,58.8,58.8,54.0,54.05,2416
2019-07-09 00:00:00+05:30,53.0,54.6,52.2,52.35,314
2019-07-10 00:00:00+05:30,51.55,53.0,51.55,52.7,118
2019-07-11 00:00:00+05:30,53.0,55.1,52.55,52.8,353
2019-07-12 00:00:00+05:30,53.0,54.95,51.8,53.9,719
2019-07-15 00:00:00+05:30,55.5,55.5,51.1,54.25,121
2019-07-16 00:00:00+05:30,52.3,55.2,52.25,52.25,210
2019-07-17 00:00:00+05:30,53.0,54.25,51.8,52.35,808
2019-07-18 00:00:00+05:30,53.7,53.8,51.6,51.6,426
2019-07-19 00:00:00+05:30,52.0,53.95,51.0,51.0,682
2019-07-22 00:00:00+05:30,51.15,51.15,51.0,51.0,952
2019-07-23 00:00:00+05:30,50.0,50.1,49.0,49.6,407
2019-07-24 00:00:00+05:30,51.3,55.9,50.3,52.5,1178
2019-07-25 00:00:00+05:30,58.0,58.0,50.1,54.7,2580
2019-07-26 00:00:00+05:30,57.0,57.0,51.0,52.5,217
2019-07-29 00:00:00+05:30,49.5,53.9,49.5,50.6,1598
2019-07-30 00:00:00+05:30,51.05,54.8,51.05,54.35,365
2019-07-31 00:00:00+05:30,52.8,52.8,48.5,48.65,1147
2019-08-01 00:00:00+05:30,48.25,50.65,48.15,49.0,1556
2019-08-02 00:00:00+05:30,48.0,50.5,48.0,49.4,103
2019-08-05 00:00:00+05:30,49.4,49.4,47.1,49.35,2562
2019-08-06 00:00:00+05:30,47.05,56.2,47.05,55.65,1594
2019-08-07 00:00:00+05:30,53.15,53.15,51.25,51.9,1890
2019-08-08 00:00:00+05:30,51.0,51.0,48.5,50.0,573
2019-08-09 00:00:00+05:30,49.15,55.8,49.15,50.15,107
2019-08-13 00:00:00+05:30,54.7,60.15,54.7,60.15,6391
2019-08-14 00:00:00+05:30,69.0,69.0,53.1,54.2,25546
2019-08-16 00:00:00+05:30,53.0,54.0,49.1,50.1,4518
2019-08-19 00:00:00+05:30,51.05,51.05,49.5,49.5,1690
2019-08-20 00:00:00+05:30,50.0,52.9,49.5,49.8,3480
2019-08-21 00:00:00+05:30,51.85,51.85,50.0,50.1,1538
2019-08-22 00:00:00+05:30,50.0,50.0,42.4,42.75,3738
2019-08-23 00:00:00+05:30,42.4,47.5,42.4,47.5,3571
2019-08-26 00:00:00+05:30,51.5,51.5,45.1,47.0,2819
2019-08-27 00:00:00+05:30,46.2,49.5,46.2,48.45,1012
2019-08-28 00:00:00+05:30,49.7,49.7,46.5,46.7,115
2019-08-29 00:00:00+05:30,49.9,49.9,45.5,46.05,1429
2019-08-30 00:00:00+05:30,45.0,47.25,44.0,47.0,352
2019-09-03 00:00:00+05:30,46.1,46.1,45.05,45.05,193
2019-09-04 00:00:00+05:30,49.8,49.8,43.7,45.1,42
2019-09-05 00:00:00+05:30,44.05,47.5,44.05,47.5,299
2019-09-09 00:00:00+05:30,47.5,47.5,47.1,47.2,220
2019-09-11 00:00:00+05:30,49.85,56.6,49.85,56.25,5481
2019-09-12 00:00:00+05:30,59.9,59.9,51.15,53.45,1702
2019-09-13 00:00:00+05:30,55.9,55.9,54.0,54.0,813
2019-09-16 00:00:00+05:30,53.9,53.95,52.1,53.1,597
2019-09-17 00:00:00+05:30,54.9,62.0,50.0,51.5,4933
2019-09-18 00:00:00+05:30,50.1,54.0,47.6,50.3,331
2019-09-20 00:00:00+05:30,49.1,53.85,49.1,51.05,337
2019-09-23 00:00:00+05:30,53.9,55.0,51.65,51.65,1300
2019-09-24 00:00:00+05:30,53.9,60.0,50.65,54.5,1692
2019-09-25 00:00:00+05:30,53.0,53.0,50.7,50.75,973
2019-09-26 00:00:00+05:30,54.9,55.0,51.05,53.5,1282
2019-09-27 00:00:00+05:30,54.9,54.9,52.0,54.0,57
2019-09-30 00:00:00+05:30,52.0,52.0,50.2,51.5,99
2019-10-01 00:00:00+05:30,51.5,51.5,48.0,49.1,1533
2019-10-03 00:00:00+05:30,51.4,51.4,46.0,47.95,769
2019-10-04 00:00:00+05:30,50.0,54.0,47.95,48.0,3386
2019-10-07 00:00:00+05:30,52.9,52.9,49.0,49.75,1438
2019-10-09 00:00:00+05:30,49.1,51.9,47.1,47.2,1272
2019-10-10 00:00:00+05:30,49.9,49.9,49.0,49.0,4
2019-10-11 00:00:00+05:30,51.0,51.0,47.1,48.0,258
2019-10-14 00:00:00+05:30,47.0,49.8,46.55,49.0,352
2019-10-15 00:00:00+05:30,47.0,48.0,45.0,45.2,7385
2019-10-16 00:00:00+05:30,45.8,47.0,43.5,43.8,464
2019-10-17 00:00:00+05:30,47.8,47.8,44.0,46.5,362
2019-10-18 00:00:00+05:30,45.5,47.65,44.1,44.65,2528
2019-10-22 00:00:00+05:30,44.25,46.9,44.25,46.0,2724
2019-10-23 00:00:00+05:30,45.0,47.0,45.0,46.0,203
2019-10-24 00:00:00+05:30,47.0,51.9,47.0,51.0,3460
2019-10-25 00:00:00+05:30,55.0,55.0,50.0,51.55,2204
2019-10-27 00:00:00+05:30,58.0,58.0,52.0,54.95,1064
2019-10-29 00:00:00+05:30,54.0,55.5,49.05,50.3,5005
2019-10-30 00:00:00+05:30,52.2,52.2,48.55,49.8,802
2019-10-31 00:00:00+05:30,52.0,52.35,49.0,52.35,678
2019-11-01 00:00:00+05:30,51.0,53.9,50.05,52.85,933
2019-11-04 00:00:00+05:30,50.15,62.9,50.15,51.65,1913
2019-11-05 00:00:00+05:30,54.1,54.1,51.65,53.9,330
2019-11-06 00:00:00+05:30,53.9,53.9,51.15,51.8,686
2019-11-07 00:00:00+05:30,53.95,61.0,50.5,59.45,7232
2019-11-08 00:00:00+05:30,62.0,62.0,53.65,55.65,12181
2019-11-11 00:00:00+05:30,57.85,57.85,51.0,52.7,598
2019-11-13 00:00:00+05:30,52.0,53.05,49.7,50.2,995
2019-11-14 00:00:00+05:30,49.95,52.5,49.0,49.2,1688
2019-11-15 00:00:00+05:30,52.1,52.1,49.95,50.05,399
2019-11-18 00:00:00+05:30,55.0,55.0,44.05,48.9,1120
2019-11-19 00:00:00+05:30,48.9,48.95,46.15,47.55,1091
2019-11-20 00:00:00+05:30,46.05,51.25,46.05,48.1,448
2019-11-21 00:00:00+05:30,48.05,50.95,46.35,47.4,950
2019-11-22 00:00:00+05:30,50.8,56.85,48.2,56.85,9754
2019-11-25 00:00:00+05:30,60.0,65.9,54.15,56.1,58526
2019-11-26 00:00:00+05:30,55.0,56.0,51.0,51.9,5356
2019-11-27 00:00:00+05:30,51.6,53.35,50.0,50.1,4790
2019-11-28 00:00:00+05:30,50.5,50.5,49.3,49.5,1465
2019-11-29 00:00:00+05:30,48.0,53.0,48.0,50.0,3558
2019-12-02 00:00:00+05:30,48.2,53.0,48.15,50.1,594
2019-12-03 00:00:00+05:30,49.15,50.95,49.0,49.1,437
2019-12-04 00:00:00+05:30,49.0,51.95,48.5,49.75,1250
2019-12-05 00:00:00+05:30,49.6,52.3,48.7,49.65,2557
2019-12-06 00:00:00+05:30,49.0,52.3,48.95,51.7,3024
2019-12-09 00:00:00+05:30,51.7,52.0,50.35,51.8,661
2019-12-10 00:00:00+05:30,54.5,54.5,50.05,51.7,2047
2019-12-11 00:00:00+05:30,50.05,52.6,48.5,49.15,966
2019-12-12 00:00:00+05:30,49.95,50.15,48.5,50.0,1016
2019-12-13 00:00:00+05:30,49.9,53.35,49.9,50.2,2261
2019-12-16 00:00:00+05:30,50.0,51.5,48.5,49.3,2403
2019-12-17 00:00:00+05:30,49.2,51.1,49.15,49.15,375
2019-12-18 00:00:00+05:30,49.15,49.9,49.0,49.05,244
2019-12-19 00:00:00+05:30,49.0,49.5,47.15,48.45,1226
2019-12-20 00:00:00+05:30,48.35,53.0,48.35,49.85,542
2019-12-23 00:00:00+05:30,50.0,55.7,49.0,53.5,6058
2019-12-24 00:00:00+05:30,52.0,55.7,50.0,53.85,2610
2019-12-26 00:00:00+05:30,52.05,53.45,47.65,51.35,1999
2019-12-27 00:00:00+05:30,51.05,55.05,50.15,52.95,3434
2019-12-30 00:00:00+05:30,53.7,55.1,53.0,54.45,2542
2019-12-31 00:00:00+05:30,54.45,56.7,53.0,54.7,1336
2020-01-01 00:00:00+05:30,55.75,62.0,53.8,56.05,2725
2020-01-02 00:00:00+05:30,55.0,57.15,54.5,54.85,280
2020-01-03 00:00:00+05:30,58.9,58.9,53.05,56.2,732
2020-01-06 00:00:00+05:30,54.5,55.1,53.5,53.55,697
2020-01-07 00:00:00+05:30,54.0,57.5,51.55,53.55,1355
2020-01-08 00:00:00+05:30,52.6,55.1,52.55,53.15,178
2020-01-09 00:00:00+05:30,60.0,60.0,52.25,55.1,1317
2020-01-10 00:00:00+05:30,55.0,56.05,55.0,55.8,186
2020-01-13 00:00:00+05:30,57.95,58.75,54.0,55.75,4576
2020-01-14 00:00:00+05:30,58.0,59.65,55.05,56.0,761
2020-01-15 00:00:00+05:30,55.15,57.8,55.15,56.4,19
2020-01-16 00:00:00+05:30,57.05,57.8,54.25,55.15,1213
2020-01-17 00:00:00+05:30,57.9,61.2,56.1,58.65,2083
2020-01-20 00:00:00+05:30,56.65,58.5,55.0,55.6,2372
2020-01-21 00:00:00+05:30,59.05,59.8,54.0,58.1,2609
2020-01-22 00:00:00+05:30,56.0,58.35,55.0,56.8,897
2020-01-23 00:00:00+05:30,58.05,59.75,55.15,58.9,1715
2020-01-24 00:00:00+05:30,59.75,59.75,55.6,57.3,463
2020-01-27 00:00:00+05:30,59.85,59.85,54.5,55.1,1401
2020-01-28 00:00:00+05:30,59.5,59.9,54.7,58.5,5420
2020-01-29 00:00:00+05:30,56.55,70.2,56.55,70.2,44504
2020-01-30 00:00:00+05:30,76.0,83.5,74.0,78.5,443287
2020-01-31 00:00:00+05:30,77.1,77.1,68.1,68.8,70905
2020-02-01 00:00:00+05:30,66.2,69.9,60.8,62.55,15597
2020-02-03 00:00:00+05:30,63.45,63.45,56.7,58.8,9579
2020-02-04 00:00:00+05:30,61.0,70.55,57.95,65.7,119269
2020-02-05 00:00:00+05:30,64.95,64.95,59.2,61.25,20570
2020-02-06 00:00:00+05:30,61.55,62.95,60.1,60.55,6819
2020-02-07 00:00:00+05:30,60.8,62.0,56.8,61.05,8144
2020-02-10 00:00:00+05:30,60.1,60.1,53.25,57.55,21232
2020-02-11 00:00:00+05:30,58.0,59.9,55.55,57.45,8791
2020-02-12 00:00:00+05:30,59.75,60.5,55.2,57.25,3845
2020-02-13 00:00:00+05:30,56.15,58.2,55.0,55.85,4841
2020-02-14 00:00:00+05:30,55.05,59.0,52.5,55.5,7894
2020-02-17 00:00:00+05:30,56.9,56.9,54.1,54.65,2277
2020-02-18 00:00:00+05:30,54.25,54.25,49.3,53.2,4074
2020-02-19 00:00:00+05:30,52.2,53.35,51.0,52.0,2368
2020-02-20 00:00:00+05:30,51.1,56.0,49.5,51.05,19476
2020-02-24 00:00:00+05:30,51.5,52.05,50.0,50.75,2701
2020-02-25 00:00:00+05:30,50.65,53.05,49.95,51.55,2791
2020-02-26 00:00:00+05:30,50.4,55.9,50.25,52.8,34065
2020-02-27 00:00:00+05:30,52.45,54.25,51.2,53.0,1247
2020-02-28 00:00:00+05:30,51.55,52.0,49.0,49.5,4126
2020-03-02 00:00:00+05:30,48.5,51.65,48.5,49.2,2067
2020-03-03 00:00:00+05:30,48.55,51.45,47.55,50.25,2357
2020-03-04 00:00:00+05:30,49.15,50.7,47.0,50.05,1337
2020-03-05 00:00:00+05:30,48.6,50.65,48.3,49.2,1070
2020-03-06 00:00:00+05:30,52.0,52.0,46.1,48.05,891
2020-03-09 00:00:00+05:30,51.35,51.35,44.55,45.95,1662
2020-03-11 00:00:00+05:30,49.35,49.35,41.25,41.9,6349
2020-03-12 00:00:00+05:30,43.15,43.15,36.0,38.1,4019
2020-03-13 00:00:00+05:30,31.85,45.7,31.1,40.45,13443
2020-03-16 00:00:00+05:30,38.15,44.1,35.0,41.05,4548
2020-03-17 00:00:00+05:30,45.0,45.85,38.7,43.15,2986
2020-03-18 00:00:00+05:30,42.05,44.5,39.05,40.8,6846
2020-03-19 00:00:00+05:30,43.4,43.4,35.25,37.9,1119
2020-03-20 00:00:00+05:30,38.15,40.05,36.65,38.95,3906
2020-03-23 00:00:00+05:30,37.4,41.05,37.4,39.8,892
2020-03-24 00:00:00+05:30,38.2,38.25,33.2,38.0,10106
2020-03-25 00:00:00+05:30,44.7,44.7,34.15,40.8,2202
2020-03-26 00:00:00+05:30,39.25,44.9,37.5,38.05,3792
2020-03-27 00:00:00+05:30,41.0,41.0,38.0,38.0,22449
2020-03-30 00:00:00+05:30,38.0,41.0,36.25,38.25,4379
2020-03-31 00:00:00+05:30,39.05,42.4,37.1,39.6,2354
2020-04-01 00:00:00+05:30,38.3,40.8,36.75,36.9,338
2020-04-03 00:00:00+05:30,39.35,39.35,37.0,38.35,490
2020-04-07 00:00:00+05:30,41.5,41.5,37.8,40.25,576
2020-04-08 00:00:00+05:30,43.5,43.5,38.7,40.05,2409
2020-04-09 00:00:00+05:30,43.55,44.9,40.15,42.2,1667
2020-04-13 00:00:00+05:30,44.25,44.35,40.55,40.55,1822
2020-04-15 00:00:00+05:30,38.35,44.35,38.35,41.45,3256
2020-04-16 00:00:00+05:30,40.3,44.8,40.3,43.75,2247
2020-04-17 00:00:00+05:30,44.0,47.9,43.0,44.7,5218
2020-04-20 00:00:00+05:30,45.55,47.0,43.4,44.45,1523
2020-04-21 00:00:00+05:30,44.25,44.25,40.2,41.85,824
2020-04-22 00:00:00+05:30,43.35,44.9,38.65,42.25,2308
2020-04-23 00:00:00+05:30,42.35,43.0,39.8,41.95,3555
2020-04-24 00:00:00+05:30,43.3,43.4,36.95,38.95,2948
2020-04-27 00:00:00+05:30,41.6,42.05,37.0,38.45,2749
2020-04-28 00:00:00+05:30,41.5,41.5,39.5,39.95,1010
2020-04-29 00:00:00+05:30,37.0,41.9,37.0,40.85,1365
2020-04-30 00:00:00+05:30,42.5,42.5,38.95,40.35,4336
2020-05-04 00:00:00+05:30,41.55,41.55,36.95,39.6,1605
2020-05-05 00:00:00+05:30,38.3,41.25,38.0,38.55,961
2020-05-06 00:00:00+05:30,39.7,40.1,37.0,38.25,1575
2020-05-07 00:00:00+05:30,36.4,39.45,36.4,37.85,584
2020-05-08 00:00:00+05:30,36.55,40.9,36.55,38.35,788
2020-05-11 00:00:00+05:30,38.05,39.95,37.95,38.9,2576
2020-05-12 00:00:00+05:30,39.8,39.8,36.65,37.0,7666
2020-05-13 00:00:00+05:30,38.05,39.75,37.55,37.7,2260
2020-05-14 00:00:00+05:30,36.95,39.05,36.55,36.8,479
2020-05-15 00:00:00+05:30,38.6,39.0,36.6,37.55,647
2020-05-18 00:00:00+05:30,36.55,37.75,35.8,36.2,599
2020-05-19 00:00:00+05:30,37.7,37.7,35.0,35.15,1101
2020-05-20 00:00:00+05:30,34.55,37.0,34.05,35.0,1053
2020-05-21 00:00:00+05:30,34.5,36.45,34.15,35.55,711
2020-05-22 00:00:00+05:30,34.75,37.75,34.65,35.85,1078
2020-05-26 00:00:00+05:30,34.45,37.25,34.45,35.5,3262
2020-05-27 00:00:00+05:30,36.35,36.4,34.45,36.2,642
2020-05-28 00:00:00+05:30,36.05,36.8,35.5,35.5,716
2020-05-29 00:00:00+05:30,35.2,37.9,35.0,37.85,1541
2020-06-01 00:00:00+05:30,40.0,40.0,36.55,37.5,680
2020-06-02 00:00:00+05:30,37.5,45.0,36.95,45.0,10331
2020-06-03 00:00:00+05:30,53.4,54.0,50.2,54.0,38125
2020-06-04 00:00:00+05:30,58.95,59.4,56.0,59.4,67814
2020-06-05 00:00:00+05:30,62.45,64.9,58.1,60.05,36694
2020-06-08 00:00:00+05:30,56.05,60.0,55.0,57.15,32357
2020-06-09 00:00:00+05:30,56.15,58.0,52.1,53.15,12799
2020-06-10 00:00:00+05:30,51.0,53.8,48.3,50.45,12635
2020-06-11 00:00:00+05:30,50.45,51.0,48.1,48.3,4850
2020-06-12 00:00:00+05:30,48.0,48.0,44.9,45.3,7662
2020-06-15 00:00:00+05:30,45.3,47.55,45.3,47.55,3123
2020-06-16 00:00:00+05:30,49.0,49.9,46.0,46.6,8708
2020-06-17 00:00:00+05:30,46.6,46.6,44.85,45.15,6358
2020-06-18 00:00:00+05:30,45.15,47.4,44.75,47.2,7021
2020-06-19 00:00:00+05:30,48.3,48.3,46.1,46.45,2608
2020-06-22 00:00:00+05:30,46.1,48.75,46.0,48.35,5664
2020-06-23 00:00:00+05:30,50.75,50.75,50.75,50.75,1660
2020-06-24 00:00:00+05:30,50.55,53.25,48.25,50.45,23729
2020-06-25 00:00:00+05:30,48.2,51.3,47.95,50.15,9631
2020-06-26 00:00:00+05:30,49.2,51.0,48.0,50.1,4118
2020-06-29 00:00:00+05:30,50.1,50.5,48.15,49.6,2335
2020-06-30 00:00:00+05:30,49.45,49.7,47.5,47.75,5452
2020-07-01 00:00:00+05:30,48.7,48.8,47.0,47.05,2530
2020-07-02 00:00:00+05:30,46.75,48.95,46.75,47.95,5689
2020-07-03 00:00:00+05:30,47.65,48.95,46.1,46.5,10933
2020-07-06 00:00:00+05:30,46.05,48.45,46.0,47.7,7166
2020-07-07 00:00:00+05:30,49.95,49.95,46.75,49.1,20193
2020-07-08 00:00:00+05:30,51.5,51.5,48.1,49.4,6644
2020-07-09 00:00:00+05:30,49.55,51.85,48.8,51.85,13487
2020-07-10 00:00:00+05:30,54.25,54.4,51.6,53.3,19014
2020-07-13 00:00:00+05:30,52.6,55.95,51.2,55.85,31008
2020-07-14 00:00:00+05:30,58.0,58.6,55.0,56.85,29022
2020-07-15 00:00:00+05:30,56.9,56.9,54.05,54.05,7758
2020-07-16 00:00:00+05:30,52.25,54.45,51.4,52.5,4204
2020-07-17 00:00:00+05:30,53.55,53.85,52.5,52.65,1247
2020-07-20 00:00:00+05:30,51.95,54.8,51.0,53.95,2429
2020-07-21 00:00:00+05:30,52.8,54.65,52.25,53.5,1838
2020-07-22 00:00:00+05:30,53.05,55.05,53.05,54.25,916
2020-07-23 00:00:00+05:30,54.6,54.6,53.25,53.65,901
2020-07-24 00:00:00+05:30,54.45,55.9,52.1,54.6,3376
2020-07-27 00:00:00+05:30,55.5,55.5,52.15,52.65,3467
2020-07-28 00:00:00+05:30,54.0,54.05,51.65,52.6,301
2020-07-29 00:00:00+05:30,54.75,54.95,51.55,52.15,838
2020-07-30 00:00:00+05:30,53.6,54.35,51.2,52.55,3609
2020-07-31 00:00:00+05:30,52.0,54.0,51.2,51.3,5315
2020-08-03 00:00:00+05:30,53.35,53.5,50.35,51.15,8342
2020-08-04 00:00:00+05:30,49.7,51.85,49.7,50.2,7574
2020-08-05 00:00:00+05:30,51.05,51.4,49.1,50.45,2966
2020-08-06 00:00:00+05:30,49.75,51.95,49.25,50.65,1719
2020-08-07 00:00:00+05:30,47.85,51.65,47.5,51.3,5774
2020-08-10 00:00:00+05:30,52.3,52.4,50.45,51.55,2913
2020-08-11 00:00:00+05:30,52.1,52.15,49.75,50.05,5061
2020-08-12 00:00:00+05:30,48.75,51.25,48.75,50.1,690
2020-08-13 00:00:00+05:30,51.35,51.6,49.55,50.2,2980
2020-08-14 00:00:00+05:30,51.05,51.5,48.9,49.2,3919
2020-08-17 00:00:00+05:30,51.05,51.5,47.7,49.95,9331
2020-08-18 00:00:00+05:30,51.05,51.05,47.2,49.4,5873
2020-08-19 00:00:00+05:30,49.95,49.95,47.5,48.2,47810
2020-08-20 00:00:00+05:30,49.1,49.9,47.25,49.3,11466
2020-08-21 00:00:00+05:30,51.55,51.9,48.55,50.75,11166
2020-08-24 00:00:00+05:30,49.0,51.9,49.0,50.4,4762
2020-08-25 00:00:00+05:30,48.75,51.4,48.5,48.8,7810
2020-08-26 00:00:00+05:30,51.9,53.65,48.4,53.65,47849
2020-08-27 00:00:00+05:30,54.0,56.9,51.0,51.5,59271
2020-08-28 00:00:00+05:30,52.0,53.8,51.6,51.85,18943
2020-08-31 00:00:00+05:30,49.55,53.0,48.0,49.05,10808
2020-09-01 00:00:00+05:30,51.25,51.45,47.55,48.6,4490
2020-09-02 00:00:00+05:30,49.4,49.6,46.7,48.25,834
2020-09-03 00:00:00+05:30,50.9,50.9,47.0,47.9,3169
2020-09-04 00:00:00+05:30,47.35,48.75,46.15,46.85,4670
2020-09-07 00:00:00+05:30,49.8,49.8,46.1,47.25,5341
2020-09-08 00:00:00+05:30,46.55,48.65,46.1,46.9,2580
2020-09-09 00:00:00+05:30,48.2,48.2,46.25,47.6,1593
2020-09-10 00:00:00+05:30,48.7,48.7,47.4,48.5,568
2020-09-11 00:00:00+05:30,48.5,48.75,47.3,47.6,777
2020-09-14 00:00:00+05:30,47.45,48.45,47.1,47.75,1233
2020-09-15 00:00:00+05:30,47.4,49.55,47.4,48.35,839
2020-09-16 00:00:00+05:30,48.15,49.2,47.85,48.15,532
2020-09-17 00:00:00+05:30,47.95,51.35,47.65,48.05,293
2020-09-18 00:00:00+05:30,48.1,49.7,47.15,47.25,3020
2020-09-21 00:00:00+05:30,49.45,49.6,45.2,45.95,3453
2020-09-22 00:00:00+05:30,44.45,46.75,44.2,45.0,2203
2020-09-23 00:00:00+05:30,46.05,46.95,44.35,44.85,1845
2020-09-24 00:00:00+05:30,45.6,46.5,43.0,44.6,4642
2020-09-25 00:00:00+05:30,45.85,46.45,42.95,43.35,3889
2020-09-28 00:00:00+05:30,43.25,45.85,43.25,44.95,3321
2020-09-29 00:00:00+05:30,45.95,46.4,44.55,44.75,4768
2020-09-30 00:00:00+05:30,45.65,45.75,43.95,44.85,1164
2020-10-01 00:00:00+05:30,45.95,46.25,43.85,44.15,7971
2020-10-05 00:00:00+05:30,44.3,46.3,42.7,45.3,1975
2020-10-06 00:00:00+05:30,45.7,48.0,44.5,47.3,11702
2020-10-07 00:00:00+05:30,50.5,50.8,46.55,49.05,11831
2020-10-08 00:00:00+05:30,50.65,58.85,49.25,58.85,102913
2020-10-09 00:00:00+05:30,64.5,64.5,50.35,51.5,230922
2020-10-12 00:00:00+05:30,53.95,55.75,46.6,50.25,52349
2020-10-13 00:00:00+05:30,49.1,51.75,48.0,49.35,5937
2020-10-14 00:00:00+05:30,49.0,51.45,47.05,47.75,7889
2020-10-15 00:00:00+05:30,48.0,48.15,46.5,46.65,2743
2020-10-16 00:00:00+05:30,49.0,49.0,45.6,46.6,4765
2020-10-19 00:00:00+05:30,46.55,48.0,44.25,45.55,25207
2020-10-20 00:00:00+05:30,46.25,46.9,45.35,46.1,2333
2020-10-21 00:00:00+05:30,46.85,55.3,45.85,53.7,134663
2020-10-22 00:00:00+05:30,52.2,60.35,49.0,57.4,268303
2020-10-23 00:00:00+05:30,58.8,58.8,55.5,55.55,29046
2020-10-26 00:00:00+05:30,55.6,58.0,52.5,53.5,17853
2020-10-27 00:00:00+05:30,53.5,54.5,49.2,53.0,25688
2020-10-28 00:00:00+05:30,53.05,57.0,51.65,54.05,22127
2020-10-29 00:00:00+05:30,53.5,56.7,52.4,53.1,5952
2020-10-30 00:00:00+05:30,54.25,57.0,52.1,53.75,37521
2020-11-02 00:00:00+05:30,54.05,54.05,52.35,53.25,2099
2020-11-03 00:00:00+05:30,52.1,62.0,52.1,58.4,263835
2020-11-04 00:00:00+05:30,59.0,61.0,56.6,59.75,137391
2020-11-05 00:00:00+05:30,60.0,68.4,54.4,62.8,416811
2020-11-06 00:00:00+05:30,63.9,66.4,62.1,64.75,79359
2020-11-09 00:00:00+05:30,65.05,67.7,63.1,63.85,15813
2020-11-10 00:00:00+05:30,62.0,64.6,58.8,60.55,32669
2020-11-11 00:00:00+05:30,61.8,61.8,57.5,60.35,17590
2020-11-12 00:00:00+05:30,59.0,65.0,58.1,60.55,38125
2020-11-13 00:00:00+05:30,60.85,63.7,59.5,59.7,15717
2020-11-14 00:00:00+05:30,59.7,62.8,59.65,60.9,3925
2020-11-17 00:00:00+05:30,61.0,64.45,60.1,60.6,17819
2020-11-18 00:00:00+05:30,59.55,64.0,59.5,63.75,36987
2020-11-19 00:00:00+05:30,63.75,76.5,62.55,75.85,517650
2020-11-20 00:00:00+05:30,76.0,84.85,76.0,76.6,456473
2020-11-23 00:00:00+05:30,77.5,82.45,77.45,78.1,265608
2020-11-24 00:00:00+05:30,79.0,81.0,76.1,77.15,76477
2020-11-25 00:00:00+05:30,77.15,77.95,72.75,73.2,38116
2020-11-26 00:00:00+05:30,72.95,75.8,70.6,74.55,16644
2020-11-27 00:00:00+05:30,74.3,76.4,70.5,72.75,17014
2020-12-01 00:00:00+05:30,72.7,75.0,71.15,72.75,9789
2020-12-02 00:00:00+05:30,73.75,73.9,71.25,72.05,11047
2020-12-03 00:00:00+05:30,73.0,74.7,71.5,72.45,12572
2020-12-04 00:00:00+05:30,72.45,73.45,70.6,72.0,16274
2020-12-07 00:00:00+05:30,72.15,73.9,71.1,71.9,14240
2020-12-08 00:00:00+05:30,73.35,73.4,68.25,69.8,21198
2020-12-09 00:00:00+05:30,72.55,72.55,69.1,70.2,10825
2020-12-10 00:00:00+05:30,70.1,70.1,66.25,68.5,19829
2020-12-11 00:00:00+05:30,70.95,76.65,68.55,73.0,34030
2020-12-14 00:00:00+05:30,75.5,76.4,70.3,75.05,65448
2020-12-15 00:00:00+05:30,77.0,77.0,72.75,73.25,6260
2020-12-16 00:00:00+05:30,75.95,87.9,72.75,83.75,637310
2020-12-17 00:00:00+05:30,83.75,83.75,76.25,77.6,71841
2020-12-18 00:00:00+05:30,78.95,78.95,73.45,74.7,40501
2020-12-21 00:00:00+05:30,77.9,79.7,70.4,72.0,44970
2020-12-22 00:00:00+05:30,71.2,73.8,67.1,72.4,17792
2020-12-23 00:00:00+05:30,73.75,74.75,72.25,73.3,20197
2020-12-24 00:00:00+05:30,73.45,76.9,72.1,72.75,13124
2020-12-28 00:00:00+05:30,74.45,75.5,71.1,72.4,12500
2020-12-29 00:00:00+05:30,73.0,75.0,71.7,72.0,11975
2020-12-30 00:00:00+05:30,72.3,79.5,72.3,75.65,56920
2020-12-31 00:00:00+05:30,76.8,79.65,74.6,75.75,37444
2021-01-01 00:00:00+05:30,77.3,82.0,75.8,78.35,106248
2021-01-04 00:00:00+05:30,79.45,83.5,78.4,81.0,92774
2021-01-05 00:00:00+05:30,80.0,80.0,78.55,79.2,14251
2021-01-06 00:00:00+05:30,80.85,81.0,77.05,79.85,41327
2021-01-07 00:00:00+05:30,81.2,81.2,77.2,78.3,19646
2021-01-08 00:00:00+05:30,79.95,82.0,77.55,78.1,31744
2021-01-11 00:00:00+05:30,78.55,79.7,74.1,75.5,26330
2021-01-12 00:00:00+05:30,74.8,76.1,74.4,75.4,16262
2021-01-13 00:00:00+05:30,74.65,76.9,73.3,73.8,15585
2021-01-14 00:00:00+05:30,73.9,88.55,73.8,85.45,221014
2021-01-15 00:00:00+05:30,85.45,93.25,80.65,84.8,544969
2021-01-18 00:00:00+05:30,85.0,86.0,78.7,80.65,46174
2021-01-19 00:00:00+05:30,81.6,84.55,79.5,81.75,22124
2021-01-20 00:00:00+05:30,82.5,83.95,80.05,80.9,24382
2021-01-21 00:00:00+05:30,80.25,82.8,77.5,78.05,22393
2021-01-22 00:00:00+05:30,76.6,77.45,74.3,75.85,18779
2021-01-25 00:00:00+05:30,78.25,78.3,72.0,72.55,13705
2021-01-27 00:00:00+05:30,72.55,74.8,72.1,73.8,13660
2021-01-28 00:00:00+05:30,72.5,75.4,72.05,74.25,11073
2021-01-29 00:00:00+05:30,73.75,75.45,70.2,71.0,14165
2021-02-01 00:00:00+05:30,72.25,73.0,69.25,69.85,6327
2021-02-02 00:00:00+05:30,70.85,76.4,70.85,73.3,22585
2021-02-03 00:00:00+05:30,73.1,79.2,72.2,76.2,37855
2021-02-04 00:00:00+05:30,75.5,76.95,75.15,76.25,7953
2021-02-05 00:00:00+05:30,76.55,78.8,74.0,74.1,10055
2021-02-08 00:00:00+05:30,77.25,77.3,73.5,73.7,9369
2021-02-09 00:00:00+05:30,76.5,76.5,72.9,73.25,9151
2021-02-10 00:00:00+05:30,74.3,74.75,73.0,73.6,2775
2021-02-11 00:00:00+05:30,73.8,75.5,73.35,73.85,5398
2021-02-12 00:00:00+05:30,75.8,75.8,72.15,73.2,5007
2021-02-15 00:00:00+05:30,72.3,74.5,72.3,73.05,7136
2021-02-16 00:00:00+05:30,72.9,73.0,71.5,72.55,8379
2021-02-17 00:00:00+05:30,72.0,73.4,71.0,71.45,4970
2021-02-18 00:00:00+05:30,71.9,72.05,70.25,71.35,13199
2021-02-19 00:00:00+05:30,72.75,73.9,70.15,71.2,7777
2021-02-22 00:00:00+05:30,71.15,72.55,58.7,62.4,101611
2021-02-23 00:00:00+05:30,62.9,65.0,61.0,63.95,26892
2021-02-24 00:00:00+05:30,63.0,66.45,63.0,65.7,11163
2021-02-25 00:00:00+05:30,66.0,70.5,65.9,69.15,39168
2021-02-26 00:00:00+05:30,68.0,68.65,65.55,67.05,13997
2021-03-01 00:00:00+05:30,68.0,68.7,66.3,68.05,9246
2021-03-02 00:00:00+05:30,68.95,70.9,67.1,68.0,11252
2021-03-03 00:00:00+05:30,68.7,71.15,67.6,68.05,10179
2021-03-04 00:00:00+05:30,68.0,69.2,67.3,68.3,13603
2021-03-05 00:00:00+05:30,68.95,69.5,67.05,67.7,7562
2021-03-08 00:00:00+05:30,67.4,68.5,65.0,65.3,14774
2021-03-09 00:00:00+05:30,65.8,68.8,64.0,65.15,21328
2021-03-10 00:00:00+05:30,64.2,66.5,64.2,66.1,2869
2021-03-12 00:00:00+05:30,66.1,67.65,64.35,65.2,8822
2021-03-15 00:00:00+05:30,64.95,66.95,62.6,63.15,5896
2021-03-16 00:00:00+05:30,64.05,64.45,62.55,63.05,3136
2021-03-17 00:00:00+05:30,64.65,64.65,61.5,61.65,6915
2021-03-18 00:00:00+05:30,63.0,63.95,58.1,60.05,29640
2021-03-19 00:00:00+05:30,60.1,60.9,57.55,59.6,15217
2021-03-22 00:00:00+05:30,58.6,62.8,58.6,61.2,10263
2021-03-23 00:00:00+05:30,62.95,62.95,60.45,61.55,6717
2021-03-24 00:00:00+05:30,62.05,63.8,60.85,61.25,3950
2021-03-25 00:00:00+05:30,60.95,62.6,57.2,59.35,6437
2021-03-26 00:00:00+05:30,59.4,62.95,57.9,58.35,20619
2021-03-30 00:00:00+05:30,59.95,59.95,57.2,57.9,4305
2021-03-31 00:00:00+05:30,58.25,58.95,56.35,57.0,4707
2021-04-01 00:00:00+05:30,59.0,61.45,58.15,60.55,11587
2021-04-05 00:00:00+05:30,61.3,61.5,57.15,58.25,13493
2021-04-06 00:00:00+05:30,58.25,59.9,57.6,57.9,6954
2021-04-07 00:00:00+05:30,58.05,61.9,57.65,59.95,16721
2021-04-08 00:00:00+05:30,59.85,60.3,58.85,59.3,6561
2021-04-09 00:00:00+05:30,59.25,60.85,58.35,59.75,3579
2021-04-12 00:00:00+05:30,59.8,59.8,56.05,57.0,3238
2021-04-13 00:00:00+05:30,57.65,59.9,56.5,57.2,3114
2021-04-15 00:00:00+05:30,59.65,59.65,56.45,57.5,2490
2021-04-16 00:00:00+05:30,58.95,59.25,56.35,57.5,1867
2021-04-19 00:00:00+05:30,56.05,58.9,54.5,54.65,11077
2021-04-20 00:00:00+05:30,57.85,58.45,54.55,56.95,4679
2021-04-22 00:00:00+05:30,58.0,58.45,55.1,57.25,14003
2021-04-23 00:00:00+05:30,55.35,58.9,55.35,57.15,4726
2021-04-26 00:00:00+05:30,57.1,68.55,57.1,68.55,53356
2021-04-27 00:00:00+05:30,71.5,74.9,67.6,68.3,118332
2021-04-28 00:00:00+05:30,68.05,72.8,66.6,70.65,117935
2021-04-29 00:00:00+05:30,70.45,74.0,68.0,68.7,19199
2021-04-30 00:00:00+05:30,68.75,69.9,66.3,68.65,5883
2021-05-03 00:00:00+05:30,68.8,70.2,65.4,67.05,10760
2021-05-04 00:00:00+05:30,67.2,69.9,65.65,67.8,9822
2021-05-05 00:00:00+05:30,67.8,68.9,66.5,66.95,5860
2021-05-06 00:00:00+05:30,68.0,80.3,66.75,80.3,713803
2021-05-07 00:00:00+05:30,81.8,81.9,73.65,75.05,143303
2021-05-10 00:00:00+05:30,77.0,80.3,74.55,75.05,62318
2021-05-11 00:00:00+05:30,74.9,83.45,73.0,77.3,291663
2021-05-12 00:00:00+05:30,78.5,81.65,74.1,74.65,77743
2021-05-14 00:00:00+05:30,76.05,76.4,67.4,68.5,73323
2021-05-17 00:00:00+05:30,68.5,70.6,68.5,69.6,11359
2021-05-18 00:00:00+05:30,69.0,79.8,69.0,74.95,116594
2021-05-19 00:00:00+05:30,76.45,76.5,73.65,73.95,11104
2021-05-20 00:00:00+05:30,76.2,76.2,72.55,73.65,16336
2021-05-21 00:00:00+05:30,73.9,79.9,72.05,77.35,52885
2021-05-24 00:00:00+05:30,78.85,78.85,73.55,74.65,17654
2021-05-25 00:00:00+05:30,76.05,76.2,74.0,74.7,7077
2021-05-26 00:00:00+05:30,74.7,75.9,72.25,73.45,8433
2021-05-27 00:00:00+05:30,74.8,75.3,71.3,72.3,8481
2021-05-28 00:00:00+05:30,75.8,78.9,74.05,74.8,52957
2021-05-31 00:00:00+05:30,75.75,75.9,73.1,73.65,4628
2021-06-01 00:00:00+05:30,73.7,75.0,71.0,71.8,9264
2021-06-02 00:00:00+05:30,73.05,80.8,71.35,78.6,50275
2021-06-03 00:00:00+05:30,81.5,85.4,76.6,77.85,227322
2021-06-04 00:00:00+05:30,77.95,79.65,76.15,76.65,16811
2021-06-07 00:00:00+05:30,75.3,78.0,75.3,76.3,10435
2021-06-08 00:00:00+05:30,76.0,80.0,73.1,77.55,27372
2021-06-09 00:00:00+05:30,78.4,79.9,75.6,76.2,18160
2021-06-10 00:00:00+05:30,77.95,79.55,76.1,77.35,18411
2021-06-11 00:00:00+05:30,76.6,83.05,76.6,79.4,93126
2021-06-14 00:00:00+05:30,81.0,83.45,76.85,80.7,48196
2021-06-15 00:00:00+05:30,81.05,81.9,77.4,78.65,11375
2021-06-16 00:00:00+05:30,80.4,81.55,77.15,78.8,14300
2021-06-17 00:00:00+05:30,79.5,81.4,77.35,78.4,12589
2021-06-18 00:00:00+05:30,79.95,79.95,71.7,73.95,20226
2021-06-21 00:00:00+05:30,73.55,76.9,72.0,74.95,13024
2021-06-22 00:00:00+05:30,75.05,77.5,75.0,77.05,6336
2021-06-23 00:00:00+05:30,79.45,79.45,75.5,75.95,5996
2021-06-24 00:00:00+05:30,77.65,78.4,75.25,76.1,4221
2021-06-25 00:00:00+05:30,76.2,76.3,74.6,74.9,3950
2021-06-28 00:00:00+05:30,75.25,77.75,72.1,73.65,12505
2021-06-29 00:00:00+05:30,73.05,79.8,73.05,76.95,58294
2021-06-30 00:00:00+05:30,75.5,78.25,75.0,76.05,3899
2021-07-01 00:00:00+05:30,76.25,77.2,75.0,75.55,4916
2021-07-02 00:00:00+05:30,76.3,82.35,75.65,81.0,56508
2021-07-05 00:00:00+05:30,82.0,85.85,81.2,83.4,107637
2021-07-06 00:00:00+05:30,84.95,84.95,77.7,79.8,28009
2021-07-07 00:00:00+05:30,80.05,82.9,78.7,79.6,11043
2021-07-08 00:00:00+05:30,81.65,81.65,77.65,78.55,9579
2021-07-09 00:00:00+05:30,80.4,80.4,76.2,76.45,11288
2021-07-12 00:00:00+05:30,76.05,79.75,75.95,77.3,9550
2021-07-13 00:00:00+05:30,77.65,81.0,77.0,79.25,11059
2021-07-14 00:00:00+05:30,80.8,87.9,78.25,84.95,203706
2021-07-15 00:00:00+05:30,86.75,87.8,82.1,82.85,65951
2021-07-16 00:00:00+05:30,82.0,83.2,80.65,81.1,10334
2021-07-19 00:00:00+05:30,85.0,85.0,79.45,83.95,31105
2021-07-20 00:00:00+05:30,84.3,85.4,80.75,81.7,15416
2021-07-22 00:00:00+05:30,82.05,90.85,81.8,87.0,249292
2021-07-23 00:00:00+05:30,95.85,104.4,95.0,104.4,405936
2021-07-26 00:00:00+05:30,116.0,125.25,112.35,116.75,796024
2021-07-27 00:00:00+05:30,119.1,119.5,108.2,111.65,137793
2021-07-28 00:00:00+05:30,111.8,112.55,104.45,107.05,67409
2021-07-29 00:00:00+05:30,111.0,112.4,102.8,110.8,28541
2021-07-30 00:00:00+05:30,112.95,116.3,106.1,107.7,19849
2021-08-02 00:00:00+05:30,103.25,111.5,102.4,106.3,13013
2021-08-03 00:00:00+05:30,102.5,108.0,101.0,102.95,9535
2021-08-04 00:00:00+05:30,98.25,104.35,98.25,99.2,13132
2021-08-05 00:00:00+05:30,99.2,99.2,94.25,97.85,11655
2021-08-06 00:00:00+05:30,97.85,97.85,93.35,94.2,12243
2021-08-09 00:00:00+05:30,96.2,96.2,89.5,89.5,15589
2021-08-10 00:00:00+05:30,89.5,89.5,85.05,85.05,14614
2021-08-11 00:00:00+05:30,80.8,89.3,80.8,84.15,19062
2021-08-12 00:00:00+05:30,81.1,88.35,81.1,88.35,12888
2021-08-13 00:00:00+05:30,91.5,91.5,87.3,88.55,7596
2021-08-16 00:00:00+05:30,91.8,92.95,85.5,88.95,7271
2021-08-17 00:00:00+05:30,91.75,91.75,85.3,86.55,3271
2021-08-18 00:00:00+05:30,85.6,90.85,83.05,86.55,12622
2021-08-20 00:00:00+05:30,86.55,89.4,83.2,85.6,4514
2021-08-23 00:00:00+05:30,85.6,89.0,81.35,82.05,8327
2021-08-24 00:00:00+05:30,81.35,81.35,78.05,79.2,3844
2021-08-25 00:00:00+05:30,82.85,82.85,79.2,80.65,3728
2021-08-26 00:00:00+05:30,78.05,80.5,78.0,78.95,3359
2021-08-27 00:00:00+05:30,81.65,81.65,76.1,79.3,3968
2021-08-30 00:00:00+05:30,79.5,83.15,77.2,80.95,3868
2021-08-31 00:00:00+05:30,80.0,82.5,78.6,79.55,2693
2021-09-01 00:00:00+05:30,81.15,82.9,78.05,81.8,3764
2021-09-02 00:00:00+05:30,81.8,82.65,79.0,82.0,718
2021-09-03 00:00:00+05:30,79.8,83.5,79.8,82.2,2042
2021-09-06 00:00:00+05:30,82.65,82.65,79.35,81.05,2833
2021-09-07 00:00:00+05:30,79.2,80.4,78.0,79.95,5494
2021-09-08 00:00:00+05:30,81.7,81.7,79.0,80.4,341
2021-09-09 00:00:00+05:30,78.6,81.0,78.6,79.25,1271
2021-09-13 00:00:00+05:30,78.0,81.7,78.0,80.75,1592
2021-09-14 00:00:00+05:30,81.4,81.4,78.15,80.35,2827
2021-09-15 00:00:00+05:30,78.4,83.0,78.4,81.9,5926
2021-09-16 00:00:00+05:30,79.25,83.7,79.2,80.0,5163
2021-09-17 00:00:00+05:30,82.6,82.6,78.3,78.7,970
2021-09-20 00:00:00+05:30,80.65,80.65,76.1,78.95,604
2021-09-21 00:00:00+05:30,78.6,81.9,78.0,81.6,2903
2021-09-22 00:00:00+05:30,82.0,82.0,78.25,80.5,2805
2021-09-23 00:00:00+05:30,78.9,80.0,78.5,79.8,4740
2021-09-24 00:00:00+05:30,82.5,82.5,78.7,78.85,3489
2021-09-27 00:00:00+05:30,77.5,80.5,77.15,78.5,1526
2021-09-28 00:00:00+05:30,79.85,79.9,77.5,78.15,4488
2021-09-29 00:00:00+05:30,77.25,80.2,77.25,79.15,2559
2021-09-30 00:00:00+05:30,79.1,80.5,77.75,78.55,3058
2021-10-01 00:00:00+05:30,78.0,81.4,77.5,79.65,2855
2021-10-04 00:00:00+05:30,81.0,81.8,78.0,78.3,6069
2021-10-05 00:00:00+05:30,78.3,79.8,77.6,78.2,4202
2021-10-06 00:00:00+05:30,79.8,80.75,78.1,78.25,2635
2021-10-07 00:00:00+05:30,77.5,80.3,77.2,79.4,2026
2021-10-08 00:00:00+05:30,79.9,79.9,78.1,78.1,1625
2021-10-11 00:00:00+05:30,80.8,80.9,78.0,78.9,2160
2021-10-12 00:00:00+05:30,77.5,80.85,75.1,76.8,16373
2021-10-13 00:00:00+05:30,74.25,78.5,74.25,77.65,8453
2021-10-14 00:00:00+05:30,79.05,79.05,77.2,78.25,6508
2021-10-18 00:00:00+05:30,80.0,80.0,74.6,75.9,19289
2021-10-19 00:00:00+05:30,76.45,78.05,75.15,75.75,18237
2021-10-20 00:00:00+05:30,75.5,76.9,74.3,75.7,7473
2021-10-21 00:00:00+05:30,75.2,75.95,74.3,74.75,5062
2021-10-22 00:00:00+05:30,73.3,76.25,73.3,75.15,7881
2021-10-25 00:00:00+05:30,73.6,75.6,73.35,74.0,5244
2021-10-26 00:00:00+05:30,73.95,76.4,73.95,74.1,2543
2021-10-27 00:00:00+05:30,74.0,76.65,73.5,74.65,4734
2021-10-28 00:00:00+05:30,73.05,76.15,73.0,74.1,3194
2021-10-29 00:00:00+05:30,73.0,74.9,73.0,74.45,5418
2021-11-01 00:00:00+05:30,74.5,76.9,73.9,74.4,3829
2021-11-02 00:00:00+05:30,73.1,75.85,73.1,74.95,4025
2021-11-03 00:00:00+05:30,73.7,74.95,73.45,73.5,1984
2021-11-04 00:00:00+05:30,73.4,75.95,72.5,73.35,1456
2021-11-08 00:00:00+05:30,72.2,75.8,72.2,74.85,7747
2021-11-09 00:00:00+05:30,74.85,75.65,74.2,74.5,3363
2021-11-10 00:00:00+05:30,76.0,76.0,73.0,73.75,6648
2021-11-11 00:00:00+05:30,74.0,75.85,73.3,75.35,3726
2021-11-12 00:00:00+05:30,75.85,76.5,74.2,75.3,3247
2021-11-15 00:00:00+05:30,75.25,76.5,74.5,74.55,6927
2021-11-16 00:00:00+05:30,75.4,76.95,74.35,75.6,3982
2021-11-17 00:00:00+05:30,76.8,76.8,73.85,74.25,15579
2021-11-18 00:00:00+05:30,75.8,76.7,75.0,76.55,6771
2021-11-22 00:00:00+05:30,77.8,78.0,73.05,76.7,1746
2021-11-29 00:00:00+05:30,72.9,72.9,72.9,72.9,6668
2021-12-06 00:00:00+05:30,69.35,71.95,69.3,69.3,6719
2021-12-13 00:00:00+05:30,69.0,69.0,65.85,65.9,7078
2021-12-20 00:00:00+05:30,63.0,68.4,62.65,63.4,6913
2021-12-21 00:00:00+05:30,63.4,66.55,61.0,62.35,10102
2021-12-22 00:00:00+05:30,63.75,65.45,61.0,65.45,4901
2021-12-23 00:00:00+05:30,68.7,68.7,66.3,68.7,2508
2021-12-24 00:00:00+05:30,72.1,72.1,66.0,69.2,7389
2021-12-27 00:00:00+05:30,69.2,69.2,67.25,68.3,3757
2021-12-28 00:00:00+05:30,68.3,71.7,66.4,71.35,7619
2021-12-29 00:00:00+05:30,72.8,74.9,70.15,73.15,9421
2021-12-30 00:00:00+05:30,75.95,75.95,70.25,70.7,7719
2021-12-31 00:00:00+05:30,70.45,72.9,67.2,68.4,11458
2022-01-03 00:00:00+05:30,71.0,71.05,67.75,70.55,4229
2022-01-04 00:00:00+05:30,71.35,72.3,68.75,71.7,4265
2022-01-05 00:00:00+05:30,69.7,71.9,69.35,70.85,3677
2022-01-06 00:00:00+05:30,67.8,71.8,67.8,69.65,8670
2022-01-07 00:00:00+05:30,71.2,72.1,69.0,69.55,9487
2022-01-10 00:00:00+05:30,71.0,71.0,68.1,69.25,10193
2022-01-11 00:00:00+05:30,70.9,70.9,68.85,69.15,6151
2022-01-12 00:00:00+05:30,70.5,72.6,68.95,69.55,9868
2022-01-13 00:00:00+05:30,71.0,71.0,68.8,70.85,4701
2022-01-14 00:00:00+05:30,69.25,74.35,69.25,74.35,16833
2022-01-17 00:00:00+05:30,75.0,78.05,75.0,77.45,24722
2022-01-18 00:00:00+05:30,78.6,81.0,75.55,76.4,15933
2022-01-19 00:00:00+05:30,74.2,76.9,73.5,76.45,3316
2022-01-20 00:00:00+05:30,78.9,78.9,72.65,73.15,5565
2022-01-21 00:00:00+05:30,76.4,76.4,70.1,72.2,6515
2022-01-24 00:00:00+05:30,69.3,74.25,68.6,68.95,11646
2022-01-25 00:00:00+05:30,68.95,71.05,66.3,70.75,2597
2022-01-27 00:00:00+05:30,70.35,73.75,69.05,70.45,3094
2022-01-28 00:00:00+05:30,73.45,73.95,69.3,69.7,10189
2022-01-31 00:00:00+05:30,69.9,71.45,68.5,68.95,1183
2022-02-01 00:00:00+05:30,68.5,71.7,68.5,70.1,2366
2022-02-02 00:00:00+05:30,71.45,71.5,69.35,70.1,1897
2022-02-03 00:00:00+05:30,70.1,71.35,67.0,67.8,14822
2022-02-04 00:00:00+05:30,70.45,70.45,66.0,67.25,8732
2022-02-07 00:00:00+05:30,68.6,69.65,63.15,63.8,37799
2022-02-08 00:00:00+05:30,65.45,66.05,61.6,62.3,18604
2022-02-09 00:00:00+05:30,65.9,68.5,65.4,68.5,14602
2022-02-10 00:00:00+05:30,74.5,74.5,70.05,71.1,49519
2022-02-11 00:00:00+05:30,71.1,71.1,64.1,69.4,16773
2022-02-14 00:00:00+05:30,67.1,71.0,66.5,69.05,3415
2022-02-15 00:00:00+05:30,69.15,71.95,65.4,68.5,4443
2022-02-16 00:00:00+05:30,73.0,73.0,66.35,67.9,10084
2022-02-17 00:00:00+05:30,69.9,69.9,67.05,67.15,6359
2022-02-18 00:00:00+05:30,69.0,70.7,64.35,66.0,5119
2022-02-21 00:00:00+05:30,66.1,69.8,66.0,67.65,5612
2022-02-22 00:00:00+05:30,67.65,67.65,63.95,65.0,5470
2022-02-23 00:00:00+05:30,65.0,67.0,64.35,66.95,1559
2022-02-24 00:00:00+05:30,65.3,65.3,60.3,60.95,11892
2022-02-25 00:00:00+05:30,60.0,66.5,60.0,63.9,7261
2022-02-28 00:00:00+05:30,62.6,65.95,60.6,63.65,5381
2022-03-02 00:00:00+05:30,65.9,67.55,60.5,64.6,9630
2022-03-03 00:00:00+05:30,65.5,69.0,63.6,64.85,6207
2022-03-04 00:00:00+05:30,64.0,67.8,62.4,65.0,4479
2022-03-07 00:00:00+05:30,64.0,65.7,61.3,63.7,18904
2022-03-08 00:00:00+05:30,65.65,66.0,62.7,63.7,6050
2022-03-09 00:00:00+05:30,66.9,66.9,63.6,64.9,5844
2022-03-10 00:00:00+05:30,67.5,67.95,64.85,66.2,2849
2022-03-11 00:00:00+05:30,65.05,70.0,64.85,69.55,6050
2022-03-14 00:00:00+05:30,71.45,76.5,64.5,72.5,109559
2022-03-15 00:00:00+05:30,70.85,70.9,67.6,68.65,15958
2022-03-16 00:00:00+05:30,69.1,75.5,69.1,75.5,95105
2022-03-17 00:00:00+05:30,78.7,79.5,71.3,72.3,40014
2022-03-21 00:00:00+05:30,74.4,74.9,71.25,72.05,9982
2022-03-22 00:00:00+05:30,72.0,72.85,69.5,70.65,12554
2022-03-23 00:00:00+05:30,70.9,72.35,70.45,70.9,5489
2022-03-24 00:00:00+05:30,70.0,72.0,68.55,69.45,8640
2022-03-25 00:00:00+05:30,74.0,74.0,68.0,69.05,30398
2022-03-28 00:00:00+05:30,67.6,70.0,66.3,67.4,18967
2022-03-29 00:00:00+05:30,66.05,69.0,66.05,68.55,41538
2022-03-30 00:00:00+05:30,71.0,74.0,68.6,69.05,7661
2022-03-31 00:00:00+05:30,67.9,70.3,67.85,68.7,6624
2022-04-01 00:00:00+05:30,67.35,73.1,67.35,69.1,14471
2022-04-04 00:00:00+05:30,71.9,71.9,69.05,70.0,4048
2022-04-05 00:00:00+05:30,72.45,77.0,70.0,75.65,81390
2022-04-06 00:00:00+05:30,76.75,76.75,73.3,75.2,12117
2022-04-07 00:00:00+05:30,73.0,90.2,73.0,90.2,155583
2022-04-08 00:00:00+05:30,100.95,103.8,93.1,94.15,485665
2022-04-11 00:00:00+05:30,94.0,94.0,87.0,88.05,55459
2022-04-12 00:00:00+05:30,88.0,88.0,83.8,86.15,21030
2022-04-13 00:00:00+05:30,87.35,88.9,84.45,86.4,12607
2022-04-18 00:00:00+05:30,82.1,85.0,82.1,83.95,14328
2022-04-19 00:00:00+05:30,86.9,86.9,78.2,80.5,19678
2022-04-20 00:00:00+05:30,81.0,96.6,80.75,96.6,139494
2022-04-21 00:00:00+05:30,98.5,106.8,94.9,97.15,273471
2022-04-22 00:00:00+05:30,97.4,99.0,93.7,95.95,39140
2022-04-25 00:00:00+05:30,97.7,100.5,93.65,95.5,40226
2022-04-26 00:00:00+05:30,97.1,97.15,93.6,94.5,7341
2022-04-27 00:00:00+05:30,96.0,96.5,90.6,91.3,11554
2022-04-28 00:00:00+05:30,92.05,93.8,87.2,88.0,6431
2022-04-29 00:00:00+05:30,87.0,102.05,85.65,96.2,229732
2022-05-02 00:00:00+05:30,98.4,98.45,91.2,91.95,17130
2022-05-04 00:00:00+05:30,94.0,97.9,88.4,92.85,29075
2022-05-05 00:00:00+05:30,93.05,99.8,92.15,95.0,44440
2022-05-06 00:00:00+05:30,93.5,94.0,86.6,87.95,31512
2022-05-09 00:00:00+05:30,88.55,88.55,83.25,84.35,11993
2022-05-10 00:00:00+05:30,86.4,86.4,80.25,82.3,14748
2022-05-11 00:00:00+05:30,84.0,84.0,76.0,78.0,12098
2022-05-12 00:00:00+05:30,75.0,79.15,75.0,76.7,13210
2022-05-13 00:00:00+05:30,76.7,80.0,76.0,76.75,3764
2022-05-16 00:00:00+05:30,76.05,81.9,75.2,77.0,9117
2022-05-17 00:00:00+05:30,79.0,85.0,77.9,82.6,12966
2022-05-18 00:00:00+05:30,83.05,85.0,81.6,82.85,8091
2022-05-19 00:00:00+05:30,81.0,81.05,76.2,79.1,7133
2022-05-20 00:00:00+05:30,82.7,82.75,79.4,80.2,4201
2022-05-23 00:00:00+05:30,79.15,83.0,79.15,80.6,4825
2022-05-24 00:00:00+05:30,81.65,82.0,75.8,77.15,11691
2022-05-25 00:00:00+05:30,76.1,79.0,75.3,75.9,3019
2022-05-26 00:00:00+05:30,76.0,77.25,72.0,73.35,9234
2022-05-27 00:00:00+05:30,77.5,77.5,72.9,74.0,10945
2022-05-30 00:00:00+05:30,74.45,76.0,73.25,74.45,3108
2022-05-31 00:00:00+05:30,75.0,75.95,73.1,73.55,2181
2022-06-01 00:00:00+05:30,73.55,79.95,73.55,77.2,9609
2022-06-02 00:00:00+05:30,76.8,84.0,76.8,81.7,17658
2022-06-03 00:00:00+05:30,84.9,84.9,77.3,79.05,6815
2022-06-06 00:00:00+05:30,78.0,78.9,76.3,77.2,3364
2022-06-07 00:00:00+05:30,76.0,78.8,76.0,77.75,1930
2022-06-08 00:00:00+05:30,77.2,81.4,75.25,79.7,4128
2022-06-09 00:00:00+05:30,78.15,78.9,77.0,77.35,2432
2022-06-10 00:00:00+05:30,76.55,78.55,75.65,76.3,4023
2022-06-13 00:00:00+05:30,75.6,84.0,73.0,75.3,7713
2022-06-14 00:00:00+05:30,76.9,77.4,74.15,74.65,2758
2022-06-15 00:00:00+05:30,76.45,77.9,74.7,75.65,3914
2022-06-16 00:00:00+05:30,75.85,77.3,71.5,71.75,7961
2022-06-17 00:00:00+05:30,71.5,75.25,71.5,74.0,9497
2022-06-20 00:00:00+05:30,76.8,76.8,67.6,69.3,4577
2022-06-21 00:00:00+05:30,69.6,74.0,69.6,71.75,7905
2022-06-22 00:00:00+05:30,76.35,76.35,70.55,70.75,5809
2022-06-23 00:00:00+05:30,72.2,73.95,70.65,71.3,1131
2022-06-24 00:00:00+05:30,71.6,72.7,71.0,71.25,1098
2022-06-27 00:00:00+05:30,72.0,73.9,70.5,71.15,3258
2022-06-28 00:00:00+05:30,71.1,72.6,71.05,71.95,696
2022-06-29 00:00:00+05:30,71.95,74.0,71.95,73.6,1444
2022-06-30 00:00:00+05:30,74.0,74.0,72.85,73.25,287
2022-07-01 00:00:00+05:30,72.95,74.6,70.45,74.45,2878
2022-07-04 00:00:00+05:30,75.95,75.95,71.25,72.55,4035
2022-07-05 00:00:00+05:30,72.1,73.45,70.45,70.75,8792
2022-07-06 00:00:00+05:30,70.2,71.9,68.5,70.8,2622
2022-07-07 00:00:00+05:30,71.3,72.85,67.25,69.1,5731
2022-07-08 00:00:00+05:30,70.9,72.4,70.0,71.5,1558
2022-07-11 00:00:00+05:30,73.7,73.7,71.45,73.25,3714
2022-07-12 00:00:00+05:30,72.0,74.65,71.05,73.85,3707
2022-07-13 00:00:00+05:30,73.9,74.7,70.5,71.3,8668
2022-07-14 00:00:00+05:30,73.85,74.9,70.05,73.35,10990
2022-07-15 00:00:00+05:30,73.95,88.0,71.95,87.75,176185
2022-07-18 00:00:00+05:30,86.0,92.0,81.3,83.4,129084
2022-07-19 00:00:00+05:30,83.4,93.7,82.1,90.9,129749
2022-07-20 00:00:00+05:30,92.0,93.0,87.0,88.15,19402
2022-07-21 00:00:00+05:30,90.0,90.0,81.35,84.0,23458
2022-07-22 00:00:00+05:30,86.0,88.4,86.0,87.0,21831
2022-07-25 00:00:00+05:30,85.45,85.95,81.25,82.8,9366
2022-07-26 00:00:00+05:30,83.05,85.7,82.0,82.45,3311
2022-07-27 00:00:00+05:30,81.3,84.75,81.1,82.0,5127
2022-07-28 00:00:00+05:30,85.7,85.7,82.0,82.35,4840
2022-07-29 00:00:00+05:30,82.55,83.55,81.2,81.5,2029
2022-08-01 00:00:00+05:30,84.5,84.5,77.35,79.45,14157
2022-08-02 00:00:00+05:30,80.0,83.0,80.0,81.3,10449
2022-08-03 00:00:00+05:30,81.7,92.65,80.6,86.95,46366
2022-08-04 00:00:00+05:30,86.95,90.0,86.0,86.4,20159
2022-08-05 00:00:00+05:30,85.5,86.5,84.2,85.45,5273
2022-08-08 00:00:00+05:30,84.1,89.95,84.1,87.05,8644
2022-08-10 00:00:00+05:30,91.2,91.2,81.5,82.2,11801
2022-08-11 00:00:00+05:30,83.95,84.55,80.0,81.85,14688
2022-08-12 00:00:00+05:30,81.85,83.85,81.85,82.85,2140
2022-08-16 00:00:00+05:30,84.9,84.9,78.05,80.55,9264
2022-08-17 00:00:00+05:30,80.55,93.7,80.35,88.45,172942
2022-08-18 00:00:00+05:30,88.0,94.95,86.0,94.15,123510
2022-08-19 00:00:00+05:30,95.5,112.95,94.15,102.2,577633
2022-08-22 00:00:00+05:30,103.1,109.45,97.7,103.5,287669
2022-08-23 00:00:00+05:30,104.5,111.0,101.0,103.3,217151
2022-08-24 00:00:00+05:30,104.0,104.85,99.0,99.4,41704
2022-08-25 00:00:00+05:30,99.5,113.9,99.5,103.95,149276
2022-08-26 00:00:00+05:30,105.7,105.7,99.1,100.2,41151
2022-08-29 00:00:00+05:30,99.3,104.8,96.3,100.8,37880
2022-08-30 00:00:00+05:30,101.65,102.8,98.55,99.1,27886
2022-09-01 00:00:00+05:30,98.45,101.9,95.8,96.95,43993
2022-09-02 00:00:00+05:30,99.15,99.15,91.7,92.8,37338
2022-09-05 00:00:00+05:30,92.8,93.95,89.0,89.6,33027
2022-09-06 00:00:00+05:30,91.3,107.5,89.5,107.5,420357
2022-09-07 00:00:00+05:30,108.45,112.4,102.0,103.45,368561
2022-09-08 00:00:00+05:30,103.45,107.5,102.4,104.55,70149
2022-09-09 00:00:00+05:30,104.95,106.95,100.25,100.7,25341
2022-09-12 00:00:00+05:30,101.05,101.05,97.85,99.1,20723
2022-09-13 00:00:00+05:30,102.4,104.6,99.25,99.95,33624
2022-09-14 00:00:00+05:30,100.0,100.1,96.0,98.25,25620
2022-09-15 00:00:00+05:30,99.8,99.8,96.05,96.9,20437
2022-09-16 00:00:00+05:30,96.9,107.95,96.9,100.95,116144
2022-09-19 00:00:00+05:30,101.0,103.0,96.0,96.4,51547
2022-09-20 00:00:00+05:30,97.0,100.9,96.35,97.25,22378
2022-09-21 00:00:00+05:30,98.8,98.8,95.15,96.55,9917
2022-09-22 00:00:00+05:30,96.0,101.8,95.5,96.5,96537
2022-09-23 00:00:00+05:30,99.75,99.75,92.55,92.95,18852
2022-09-26 00:00:00+05:30,90.3,95.9,88.05,93.2,102239
2022-09-27 00:00:00+05:30,95.9,95.9,90.6,91.65,8035
2022-09-28 00:00:00+05:30,90.35,92.5,88.15,89.1,7263
2022-09-29 00:00:00+05:30,92.5,93.05,88.4,89.7,12059
2022-09-30 00:00:00+05:30,91.8,92.7,88.5,91.5,5854
2022-10-03 00:00:00+05:30,91.95,95.45,91.05,93.4,6226
2022-10-04 00:00:00+05:30,93.45,95.5,93.05,94.1,6162
2022-10-06 00:00:00+05:30,94.6,95.8,92.1,93.55,6005
2022-10-07 00:00:00+05:30,93.7,96.8,91.55,94.55,7202
2022-10-10 00:00:00+05:30,94.3,94.3,90.45,91.2,6218
2022-10-11 00:00:00+05:30,93.4,93.6,89.0,90.0,5806
2022-10-12 00:00:00+05:30,91.7,91.9,88.7,90.35,1780
2022-10-13 00:00:00+05:30,89.15,91.1,88.4,88.8,3179
2022-10-14 00:00:00+05:30,91.6,91.6,87.4,88.05,8738
2022-10-17 00:00:00+05:30,88.95,96.65,86.45,88.7,23363
2022-10-18 00:00:00+05:30,88.0,90.45,88.0,88.35,6508
2022-10-19 00:00:00+05:30,88.3,90.9,87.2,87.9,3309
2022-10-20 00:00:00+05:30,87.5,89.6,86.0,87.7,4637
2022-10-21 00:00:00+05:30,87.0,88.7,86.35,87.05,3390
2022-10-24 00:00:00+05:30,87.3,89.95,87.3,87.5,947
2022-10-25 00:00:00+05:30,86.6,88.35,85.55,86.95,2361
2022-10-27 00:00:00+05:30,85.05,86.95,85.05,85.9,5070
2022-10-28 00:00:00+05:30,87.3,103.05,87.3,102.75,383736
2022-10-31 00:00:00+05:30,104.3,104.3,93.5,94.8,131052
2022-11-01 00:00:00+05:30,97.0,97.0,91.5,92.6,65148
2022-11-02 00:00:00+05:30,92.1,93.0,89.5,90.1,28480
2022-11-03 00:00:00+05:30,90.95,91.0,89.5,90.8,8261
2022-11-04 00:00:00+05:30,91.0,92.5,90.25,91.25,12262
2022-11-07 00:00:00+05:30,94.0,94.0,90.55,92.0,9038
2022-11-09 00:00:00+05:30,93.5,94.0,91.3,92.7,10564
2022-11-10 00:00:00+05:30,94.55,94.55,89.1,90.8,14698
2022-11-11 00:00:00+05:30,91.0,92.7,90.0,91.0,3274
2022-11-14 00:00:00+05:30,93.0,94.0,89.55,90.45,7280
2022-11-15 00:00:00+05:30,90.3,91.7,88.5,88.9,7495
2022-11-16 00:00:00+05:30,88.95,93.8,86.45,91.65,18005
2022-11-17 00:00:00+05:30,93.75,93.75,88.55,89.35,9546
2022-11-18 00:00:00+05:30,89.5,93.7,89.1,92.1,11561
2022-11-21 00:00:00+05:30,92.6,93.45,91.5,92.45,13323
2022-11-22 00:00:00+05:30,93.25,95.5,90.2,91.25,12598
2022-11-23 00:00:00+05:30,92.2,94.45,88.5,93.1,26497
2022-11-24 00:00:00+05:30,93.9,94.7,91.25,93.6,9837
2022-11-25 00:00:00+05:30,92.95,96.35,92.95,95.1,16904
2022-11-28 00:00:00+05:30,95.1,98.5,94.1,94.85,9737
2022-11-29 00:00:00+05:30,95.2,98.25,95.2,97.1,14164
2022-11-30 00:00:00+05:30,97.3,99.2,93.25,96.1,14860
2022-12-01 00:00:00+05:30,97.3,99.2,96.75,98.6,23509
2022-12-02 00:00:00+05:30,98.6,100.6,97.25,98.15,22618
2022-12-05 00:00:00+05:30,98.15,104.4,98.15,102.55,53236
2022-12-06 00:00:00+05:30,102.9,104.0,100.2,101.3,14010
2022-12-07 00:00:00+05:30,103.3,103.3,99.15,100.3,14595
2022-12-08 00:00:00+05:30,102.3,102.3,98.15,98.75,4616
2022-12-09 00:00:00+05:30,98.75,101.2,97.1,99.15,15570
2022-12-12 00:00:00+05:30,99.0,100.75,98.9,99.7,4859
2022-12-13 00:00:00+05:30,99.95,101.0,98.0,98.6,6549
2022-12-14 00:00:00+05:30,99.9,101.5,95.7,100.65,6598
2022-12-15 00:00:00+05:30,99.35,100.95,97.05,97.4,2734
2022-12-16 00:00:00+05:30,98.3,100.75,98.0,99.05,5214
2022-12-19 00:00:00+05:30,100.35,100.35,98.5,99.35,3416
2022-12-20 00:00:00+05:30,101.15,101.2,96.8,99.5,5304
2022-12-21 00:00:00+05:30,99.55,100.35,98.5,99.05,11903
2022-12-22 00:00:00+05:30,98.95,99.3,91.0,93.25,14649
2022-12-23 00:00:00+05:30,93.25,93.25,88.1,91.5,17312
2022-12-26 00:00:00+05:30,91.0,96.9,88.75,96.1,6877
2022-12-27 00:00:00+05:30,97.9,104.0,97.15,101.8,15161
2022-12-28 00:00:00+05:30,102.0,103.0,96.35,97.85,16436
2022-12-29 00:00:00+05:30,97.3,104.0,97.3,98.75,34907
2022-12-30 00:00:00+05:30,102.4,118.35,100.45,112.55,477170
2023-01-02 00:00:00+05:30,117.1,128.7,114.1,124.1,596287
2023-01-03 00:00:00+05:30,123.8,124.7,118.6,119.6,139126
2023-01-04 00:00:00+05:30,120.9,120.9,115.6,116.45,55945
2023-01-05 00:00:00+05:30,117.1,138.0,117.1,131.55,738408
2023-01-06 00:00:00+05:30,130.0,154.8,126.3,145.4,969393
2023-01-09 00:00:00+05:30,147.0,151.2,132.2,135.3,221580
2023-01-10 00:00:00+05:30,135.0,148.0,135.0,144.6,327859
2023-01-11 00:00:00+05:30,145.0,147.9,140.15,141.05,101884
2023-01-12 00:00:00+05:30,143.7,147.0,134.0,134.1,41543
2023-01-13 00:00:00+05:30,133.8,133.8,127.4,127.4,18072
2023-01-16 00:00:00+05:30,125.9,125.9,121.05,122.15,30201
2023-01-17 00:00:00+05:30,120.95,122.85,117.35,121.55,12328
2023-01-18 00:00:00+05:30,121.55,127.6,121.55,127.0,24842
2023-01-19 00:00:00+05:30,126.1,127.8,123.0,124.45,7153
2023-01-20 00:00:00+05:30,125.0,126.85,122.5,124.5,8526
2023-01-23 00:00:00+05:30,125.2,125.2,118.3,118.9,15007
2023-01-24 00:00:00+05:30,120.5,120.5,112.95,115.55,16319
2023-01-25 00:00:00+05:30,115.75,115.75,109.8,110.7,11619
2023-01-27 00:00:00+05:30,110.0,110.0,105.5,107.95,8159
2023-01-30 00:00:00+05:30,110.0,110.75,104.5,105.9,4261
2023-01-31 00:00:00+05:30,103.0,111.15,103.0,111.15,3856
2023-02-01 00:00:00+05:30,115.7,116.7,107.05,109.95,11735
2023-02-02 00:00:00+05:30,105.0,109.95,105.0,107.35,4616
2023-02-03 00:00:00+05:30,108.0,108.75,102.5,104.0,4124
2023-02-06 00:00:00+05:30,106.9,106.9,99.3,101.1,8561
2023-02-07 00:00:00+05:30,101.5,104.45,101.05,101.5,3540
2023-02-08 00:00:00+05:30,100.0,103.95,99.0,102.0,3233
2023-02-09 00:00:00+05:30,103.0,104.0,101.2,103.45,2369
2023-02-10 00:00:00+05:30,103.9,103.9,100.5,101.25,1740
2023-02-13 00:00:00+05:30,102.5,103.8,100.1,101.7,6263
2023-02-14 00:00:00+05:30,102.95,103.0,100.15,101.5,2454
2023-02-15 00:00:00+05:30,100.05,103.9,100.05,103.1,3677
2023-02-16 00:00:00+05:30,104.0,106.3,102.1,105.4,5898
2023-02-17 00:00:00+05:30,104.0,106.0,103.0,105.35,1964
2023-02-20 00:00:00+05:30,103.0,107.95,103.0,104.0,3139
2023-02-21 00:00:00+05:30,104.0,105.85,102.0,102.5,753
2023-02-22 00:00:00+05:30,104.0,105.0,101.5,103.0,4735
2023-02-23 00:00:00+05:30,104.0,104.5,100.0,103.45,2276
2023-02-24 00:00:00+05:30,100.5,104.5,100.5,102.0,5595
2023-02-27 00:00:00+05:30,100.0,107.1,97.55,106.35,16772
2023-02-28 00:00:00+05:30,105.4,106.0,101.05,101.6,21731
2023-03-01 00:00:00+05:30,102.8,105.0,101.6,103.6,14495
2023-03-02 00:00:00+05:30,104.95,104.95,102.0,102.1,2436
2023-03-03 00:00:00+05:30,102.3,107.0,101.6,105.25,11034
2023-03-06 00:00:00+05:30,105.85,110.5,103.65,110.5,43991
2023-03-08 00:00:00+05:30,114.95,116.0,114.0,116.0,24199
2023-03-09 00:00:00+05:30,118.8,120.95,113.35,117.1,37017
2023-03-10 00:00:00+05:30,113.9,122.0,113.9,121.05,13552
2023-03-13 00:00:00+05:30,121.0,127.1,116.6,118.0,41640
2023-03-14 00:00:00+05:30,118.05,120.9,112.4,113.4,14652
2023-03-15 00:00:00+05:30,113.3,116.25,111.0,111.75,4693
2023-03-16 00:00:00+05:30,111.0,115.95,108.2,112.15,8178
2023-03-17 00:00:00+05:30,112.8,117.5,112.75,117.1,8259
2023-03-20 00:00:00+05:30,117.5,120.0,111.25,111.85,8006
2023-03-21 00:00:00+05:30,113.5,115.25,113.5,114.55,2683
2023-03-22 00:00:00+05:30,113.35,116.0,113.0,113.05,2871
2023-03-23 00:00:00+05:30,114.1,116.75,113.9,115.2,7553
2023-03-24 00:00:00+05:30,115.2,118.15,109.45,109.55,16474
2023-03-27 00:00:00+05:30,109.5,112.35,105.25,110.8,17163
2023-03-28 00:00:00+05:30,108.75,112.45,108.5,110.05,11228
2023-03-29 00:00:00+05:30,110.05,114.0,108.2,110.3,2324
2023-03-31 00:00:00+05:30,112.55,112.9,108.0,108.6,4500
2023-04-03 00:00:00+05:30,108.5,111.5,108.15,108.7,854
2023-04-05 00:00:00+05:30,108.0,112.45,108.0,111.75,1556
2023-04-06 00:00:00+05:30,110.0,115.5,110.0,113.0,3253
2023-04-10 00:00:00+05:30,115.0,115.9,112.3,113.5,2388
2023-04-11 00:00:00+05:30,115.8,117.0,112.25,114.0,11834
2023-04-12 00:00:00+05:30,119.0,119.0,113.0,113.8,10562
2023-04-13 00:00:00+05:30,114.4,116.6,107.4,108.95,13309
2023-04-17 00:00:00+05:30,106.6,112.8,105.15,107.8,3287
2023-04-18 00:00:00+05:30,110.4,113.8,109.85,111.9,7645
2023-04-19 00:00:00+05:30,112.65,113.0,110.0,111.15,905
2023-04-20 00:00:00+05:30,115.35,115.35,111.1,112.7,6406
2023-04-21 00:00:00+05:30,110.0,114.7,110.0,110.85,5302
2023-04-24 00:00:00+05:30,111.15,113.2,111.1,111.5,2214
2023-04-25 00:00:00+05:30,111.8,113.3,111.55,112.0,580
2023-04-26 00:00:00+05:30,111.05,111.9,106.3,108.9,6867
2023-04-27 00:00:00+05:30,109.0,111.8,108.6,109.6,4984
2023-04-28 00:00:00+05:30,111.4,111.4,107.65,108.85,2637
2023-05-02 00:00:00+05:30,109.45,110.8,108.85,109.4,3492
2023-05-03 00:00:00+05:30,110.85,110.9,103.6,106.15,8946
2023-05-04 00:00:00+05:30,111.0,115.0,106.15,109.35,7038
2023-05-05 00:00:00+05:30,107.75,111.75,107.75,109.9,4131
2023-05-08 00:00:00+05:30,111.5,113.0,109.5,112.55,6207
2023-05-09 00:00:00+05:30,112.55,119.7,110.5,117.45,38869
2023-05-10 00:00:00+05:30,124.0,124.0,110.6,114.4,18637
2023-05-11 00:00:00+05:30,117.0,117.0,108.35,110.75,14277
2023-05-12 00:00:00+05:30,114.4,114.4,105.25,108.9,12492
2023-05-15 00:00:00+05:30,109.15,114.0,107.55,111.85,8896
2023-05-16 00:00:00+05:30,112.7,112.7,109.25,110.85,6521
2023-05-17 00:00:00+05:30,111.0,111.0,106.5,109.5,11549
2023-05-18 00:00:00+05:30,109.5,111.4,106.0,108.25,13087
2023-05-19 00:00:00+05:30,108.7,111.0,108.15,110.0,8024
2023-05-22 00:00:00+05:30,110.0,115.0,110.0,111.95,7779
2023-05-23 00:00:00+05:30,117.0,117.0,111.0,112.4,7192
2023-05-24 00:00:00+05:30,112.05,114.95,109.0,109.65,7324
2023-05-25 00:00:00+05:30,108.0,114.0,108.0,112.2,6322
2023-05-26 00:00:00+05:30,109.65,113.1,109.65,110.85,2070
2023-05-29 00:00:00+05:30,113.0,113.0,109.0,110.45,5798
2023-05-30 00:00:00+05:30,110.45,112.4,109.5,110.95,3523
2023-05-31 00:00:00+05:30,111.4,113.75,109.7,111.75,5654
2023-06-01 00:00:00+05:30,111.0,112.0,109.5,110.1,3758
2023-06-02 00:00:00+05:30,111.95,121.1,111.05,118.55,142116
2023-06-05 00:00:00+05:30,120.45,122.8,115.0,119.05,39509
2023-06-06 00:00:00+05:30,118.25,120.85,116.15,116.6,6660
2023-06-07 00:00:00+05:30,120.0,139.85,120.0,138.55,315069
2023-06-08 00:00:00+05:30,138.05,138.05,128.4,132.55,80286
2023-06-09 00:00:00+05:30,132.0,135.9,127.2,128.85,28658
2023-06-12 00:00:00+05:30,130.0,134.9,127.0,129.2,16015
2023-06-13 00:00:00+05:30,130.6,133.85,127.7,128.0,12096
2023-06-14 00:00:00+05:30,127.4,132.8,127.0,128.7,14641
2023-06-15 00:00:00+05:30,127.2,130.5,127.0,127.9,5255
2023-06-16 00:00:00+05:30,128.1,131.0,125.1,126.65,11534
2023-06-19 00:00:00+05:30,126.15,129.75,124.15,128.85,12933
2023-06-20 00:00:00+05:30,129.6,129.95,125.9,126.4,5671
2023-06-21 00:00:00+05:30,127.0,128.8,125.1,127.2,6390
2023-06-22 00:00:00+05:30,129.0,129.0,124.55,125.1,5448
2023-06-23 00:00:00+05:30,125.0,125.5,120.2,122.25,7564
2023-06-26 00:00:00+05:30,124.05,126.4,120.9,125.4,5886
2023-06-27 00:00:00+05:30,127.25,127.25,121.1,123.75,8304
2023-06-28 00:00:00+05:30,124.55,125.4,122.55,123.8,5703
2023-06-30 00:00:00+05:30,124.75,125.6,121.1,121.85,4972
2023-07-03 00:00:00+05:30,122.0,123.0,120.0,120.6,3929
2023-07-04 00:00:00+05:30,124.5,124.5,121.05,122.6,9591
2023-07-05 00:00:00+05:30,122.0,123.5,119.2,121.65,6419
2023-07-06 00:00:00+05:30,121.65,127.0,120.0,123.85,7985
2023-07-07 00:00:00+05:30,124.35,125.5,120.3,121.2,7912
2023-07-10 00:00:00+05:30,121.2,122.6,116.1,118.45,5554
2023-07-11 00:00:00+05:30,118.5,120.35,117.25,119.3,5396
2023-07-12 00:00:00+05:30,119.3,125.9,119.3,122.6,30387
2023-07-13 00:00:00+05:30,122.2,124.4,121.5,122.0,7182
2023-07-14 00:00:00+05:30,122.0,125.8,120.45,123.45,6137
2023-07-17 00:00:00+05:30,125.0,125.4,118.1,119.5,14570
2023-07-18 00:00:00+05:30,118.45,121.35,118.45,119.7,7008
2023-07-19 00:00:00+05:30,119.65,121.5,118.25,118.7,3011
2023-07-20 00:00:00+05:30,120.25,120.25,116.25,119.2,4286
2023-07-21 00:00:00+05:30,117.15,124.75,117.15,119.75,15153
2023-07-24 00:00:00+05:30,117.45,119.95,117.05,118.3,6726
2023-07-25 00:00:00+05:30,117.65,119.8,117.0,117.8,2144
2023-07-26 00:00:00+05:30,118.95,119.55,118.0,118.75,2761
2023-07-27 00:00:00+05:30,120.4,120.4,117.15,117.85,7459
2023-07-28 00:00:00+05:30,119.0,119.05,117.45,118.15,3356
2023-07-31 00:00:00+05:30,119.95,121.0,118.25,120.05,5246
2023-08-01 00:00:00+05:30,123.85,124.6,118.0,119.8,14772
2023-08-02 00:00:00+05:30,120.5,122.5,116.1,118.35,8678
2023-08-03 00:00:00+05:30,118.4,128.35,112.1,119.9,41177
2023-08-04 00:00:00+05:30,123.4,123.7,120.05,122.35,8138
2023-08-07 00:00:00+05:30,119.0,132.7,119.0,129.25,46130
2023-08-08 00:00:00+05:30,137.0,139.75,130.2,134.3,145648
2023-08-09 00:00:00+05:30,134.0,142.0,130.3,139.85,118612
2023-08-10 00:00:00+05:30,138.7,142.0,130.25,132.55,26176
2023-08-11 00:00:00+05:30,137.65,138.9,131.15,133.5,29384
2023-08-14 00:00:00+05:30,134.05,136.5,130.1,134.8,17475
2023-08-16 00:00:00+05:30,133.5,138.0,131.1,132.65,16000
2023-08-17 00:00:00+05:30,132.65,135.15,126.85,128.5,15164
2023-08-18 00:00:00+05:30,131.9,131.9,125.0,125.25,9559
2023-08-21 00:00:00+05:30,131.9,131.9,121.1,122.7,12775
2023-08-22 00:00:00+05:30,125.0,136.45,122.55,130.9,50051
2023-08-23 00:00:00+05:30,134.0,134.0,128.0,128.75,11451
2023-08-24 00:00:00+05:30,131.75,131.75,127.45,128.15,6940
2023-08-25 00:00:00+05:30,132.95,132.95,125.1,126.55,14267
2023-08-28 00:00:00+05:30,129.9,130.0,126.45,126.9,4493
2023-08-29 00:00:00+05:30,129.0,149.0,126.2,138.0,148582
2023-08-30 00:00:00+05:30,140.35,140.35,133.6,134.35,13314
2023-08-31 00:00:00+05:30,134.45,136.1,130.0,131.25,14305
2023-09-01 00:00:00+05:30,132.0,133.95,130.05,130.95,9909
2023-09-04 00:00:00+05:30,131.2,138.45,129.15,135.35,33250
2023-09-05 00:00:00+05:30,134.0,135.45,132.0,133.0,11144
2023-09-06 00:00:00+05:30,133.0,136.0,131.05,134.1,23973
2023-09-07 00:00:00+05:30,135.7,135.7,132.35,134.15,9336
2023-09-08 00:00:00+05:30,132.2,135.7,131.7,132.4,5947
2023-09-11 00:00:00+05:30,133.4,135.9,132.05,133.25,16584
2023-09-12 00:00:00+05:30,133.2,137.45,123.5,127.4,21678
2023-09-13 00:00:00+05:30,127.5,132.45,123.05,130.8,17783
2023-09-14 00:00:00+05:30,130.1,134.0,129.0,130.55,10000
2023-09-15 00:00:00+05:30,130.1,133.2,128.65,129.45,7482
2023-09-18 00:00:00+05:30,132.3,132.3,128.05,129.05,5761
2023-09-20 00:00:00+05:30,129.05,130.9,126.6,127.7,24716
2023-09-21 00:00:00+05:30,127.1,130.9,126.15,126.55,5322
2023-09-22 00:00:00+05:30,129.8,129.9,125.1,126.65,3761
2023-09-25 00:00:00+05:30,128.15,135.0,128.05,133.8,21917
2023-09-26 00:00:00+05:30,135.0,135.0,128.95,130.2,5491
2023-09-27 00:00:00+05:30,130.3,133.75,129.05,130.05,5021
2023-09-28 00:00:00+05:30,130.25,131.35,128.45,129.1,3335
2023-09-29 00:00:00+05:30,128.25,130.5,128.25,128.65,2646
2023-10-03 00:00:00+05:30,128.0,142.4,128.0,134.35,94319
2023-10-04 00:00:00+05:30,135.7,138.0,132.6,134.15,17358
2023-10-05 00:00:00+05:30,133.85,139.0,132.4,136.65,29098
2023-10-06 00:00:00+05:30,138.9,138.9,136.1,137.25,18173
2023-10-09 00:00:00+05:30,136.95,136.95,130.7,131.6,11602
2023-10-10 00:00:00+05:30,132.7,134.6,130.5,130.95,4129
2023-10-11 00:00:00+05:30,134.0,134.0,129.0,130.75,11369
2023-10-12 00:00:00+05:30,133.35,133.75,129.15,131.35,5699
2023-10-13 00:00:00+05:30,130.05,133.45,130.05,131.3,8503
2023-10-16 00:00:00+05:30,130.0,136.95,129.4,131.7,12227
2023-10-17 00:00:00+05:30,131.1,134.45,131.1,132.05,8227
2023-10-18 00:00:00+05:30,131.4,136.7,130.1,130.4,12286
2023-10-19 00:00:00+05:30,129.0,132.8,129.0,131.2,5178
2023-10-20 00:00:00+05:30,130.6,131.1,129.0,130.45,5668
2023-10-23 00:00:00+05:30,129.1,132.2,125.1,125.75,9734
2023-10-25 00:00:00+05:30,126.0,128.85,124.0,125.45,5502
2023-10-26 00:00:00+05:30,122.55,122.55,116.95,121.2,7556
2023-10-27 00:00:00+05:30,119.0,124.8,119.0,124.2,3977
2023-10-30 00:00:00+05:30,121.5,124.6,121.5,123.05,1364
2023-10-31 00:00:00+05:30,123.0,129.9,123.0,129.0,7310
2023-11-01 00:00:00+05:30,129.0,130.95,126.1,126.85,2115
2023-11-02 00:00:00+05:30,129.4,129.95,125.35,126.2,4688
2023-11-03 00:00:00+05:30,126.05,129.0,126.0,126.45,1512
2023-11-06 00:00:00+05:30,128.95,128.95,124.0,124.25,10057
2023-11-07 00:00:00+05:30,127.95,127.95,124.0,126.85,10844
2023-11-08 00:00:00+05:30,125.15,134.95,125.15,127.15,20008
2023-11-09 00:00:00+05:30,124.0,134.7,124.0,132.75,39656
2023-11-10 00:00:00+05:30,130.45,133.9,130.0,130.95,7250
2023-11-12 00:00:00+05:30,131.7,134.45,126.25,129.35,897
2023-11-13 00:00:00+05:30,131.95,131.95,130.15,130.65,717
2023-11-15 00:00:00+05:30,132.95,132.95,129.05,131.8,4004
2023-11-16 00:00:00+05:30,132.95,132.95,129.1,130.75,3023
2023-11-17 00:00:00+05:30,131.05,133.8,126.35,127.95,7890
2023-11-20 00:00:00+05:30,131.7,136.75,126.1,131.3,28170
2023-11-21 00:00:00+05:30,134.8,138.95,131.3,134.0,63235
2023-11-22 00:00:00+05:30,134.15,136.35,132.7,135.5,13398
2023-11-23 00:00:00+05:30,131.25,136.95,131.25,134.4,6419
2023-11-24 00:00:00+05:30,132.7,136.75,125.0,129.2,26353
2023-11-28 00:00:00+05:30,134.4,138.75,128.65,135.9,33574
2023-11-29 00:00:00+05:30,137.8,137.8,133.05,134.5,14078
2023-11-30 00:00:00+05:30,135.9,135.9,133.05,133.55,8186
2023-12-01 00:00:00+05:30,135.55,136.1,132.3,133.7,9224
2023-12-04 00:00:00+05:30,131.9,138.95,131.8,133.6,6049
2023-12-05 00:00:00+05:30,136.35,136.35,131.25,132.2,5399
2023-12-06 00:00:00+05:30,133.0,148.1,131.1,146.35,258332
2023-12-07 00:00:00+05:30,150.7,159.0,145.0,153.5,338204
2023-12-08 00:00:00+05:30,154.0,162.9,151.1,154.5,144737
2023-12-11 00:00:00+05:30,157.05,166.6,157.05,160.85,84905
2023-12-12 00:00:00+05:30,162.9,162.9,150.85,151.75,29215
2023-12-13 00:00:00+05:30,148.4,152.6,146.0,150.05,25912
2023-12-14 00:00:00+05:30,150.3,154.95,146.8,147.5,17857
2023-12-15 00:00:00+05:30,151.75,152.0,144.0,145.9,31292
2023-12-18 00:00:00+05:30,149.95,149.95,143.1,144.8,50747
2023-12-19 00:00:00+05:30,145.0,147.65,141.0,142.6,54924
2023-12-20 00:00:00+05:30,142.5,151.8,136.0,139.7,81362
2023-12-21 00:00:00+05:30,139.55,148.85,135.05,146.25,41440
2023-12-22 00:00:00+05:30,147.0,149.45,142.35,143.5,22938
2023-12-26 00:00:00+05:30,142.15,150.9,142.15,149.55,31250
2023-12-27 00:00:00+05:30,149.2,150.7,143.6,145.95,20279
2023-12-28 00:00:00+05:30,145.0,156.4,143.1,149.15,41269
2023-12-29 00:00:00+05:30,146.5,153.8,145.6,146.4,20727
2024-01-01 00:00:00+05:30,145.05,155.0,145.05,150.3,45778
2024-01-02 00:00:00+05:30,152.05,153.9,144.35,146.9,35404
2024-01-03 00:00:00+05:30,146.9,150.7,145.05,147.6,13737
2024-01-04 00:00:00+05:30,147.6,156.45,147.5,152.25,45680
2024-01-05 00:00:00+05:30,154.75,155.0,147.1,148.65,20679
2024-01-08 00:00:00+05:30,149.35,151.7,145.8,146.75,9591
2024-01-09 00:00:00+05:30,147.9,150.05,145.6,146.3,9740
2024-01-10 00:00:00+05:30,146.6,149.6,145.0,145.75,7930
2024-01-11 00:00:00+05:30,145.15,148.65,145.15,145.8,4074
2024-01-12 00:00:00+05:30,149.5,149.5,142.6,143.8,12555
2024-01-15 00:00:00+05:30,145.85,150.45,145.0,147.85,14020
2024-01-16 00:00:00+05:30,148.2,159.0,145.55,149.9,54201
2024-01-17 00:00:00+05:30,150.0,152.0,146.1,146.7,11242
2024-01-18 00:00:00+05:30,149.55,150.05,145.0,145.65,9800
2024-01-19 00:00:00+05:30,144.0,149.9,144.0,146.35,7206
2024-01-20 00:00:00+05:30,145.25,148.0,140.35,145.3,24717
2024-01-23 00:00:00+05:30,143.35,149.0,142.25,144.0,6999
2024-01-24 00:00:00+05:30,147.65,147.65,144.05,146.0,4967
2024-01-25 00:00:00+05:30,144.3,148.1,143.15,145.2,10998
2024-01-29 00:00:00+05:30,145.7,148.75,144.2,144.7,7281
2024-01-30 00:00:00+05:30,142.4,160.0,142.0,157.15,100393
2024-01-31 00:00:00+05:30,158.95,165.45,149.05,156.35,111718
2024-02-01 00:00:00+05:30,159.8,159.8,150.1,152.1,23434
2024-02-02 00:00:00+05:30,152.05,160.3,139.05,147.05,57627
2024-02-05 00:00:00+05:30,144.1,149.8,141.1,141.5,27826
2024-02-06 00:00:00+05:30,143.15,150.55,142.05,149.05,18934
2024-02-07 00:00:00+05:30,154.0,154.5,147.0,149.9,13372
2024-02-08 00:00:00+05:30,149.85,149.85,144.1,145.5,5903
2024-02-09 00:00:00+05:30,144.05,146.8,140.6,142.15,10499
2024-02-12 00:00:00+05:30,143.1,145.9,136.0,136.9,8834
2024-02-13 00:00:00+05:30,138.95,139.35,135.25,136.25,8251
2024-02-14 00:00:00+05:30,136.55,143.5,136.5,142.15,4188
2024-02-15 00:00:00+05:30,142.15,153.7,141.55,145.7,14028
2024-02-16 00:00:00+05:30,147.9,148.9,144.05,145.4,4263
2024-02-19 00:00:00+05:30,145.4,150.0,140.5,141.35,10993
2024-02-20 00:00:00+05:30,143.0,147.5,143.0,146.4,4633
2024-02-21 00:00:00+05:30,149.0,150.0,143.0,143.35,3488
2024-02-22 00:00:00+05:30,147.2,147.25,141.05,143.8,5427
2024-02-23 00:00:00+05:30,147.6,147.6,141.2,142.8,4112
2024-02-26 00:00:00+05:30,142.35,146.65,141.0,141.6,8588
2024-02-27 00:00:00+05:30,145.55,146.8,131.0,136.55,49725
2024-02-28 00:00:00+05:30,136.85,140.0,130.1,133.25,20296
2024-02-29 00:00:00+05:30,133.3,137.45,132.8,135.0,5834
2024-03-01 00:00:00+05:30,139.15,139.15,133.05,136.4,5107
2024-03-02 00:00:00+05:30,137.65,142.0,132.55,139.85,4618
2024-03-04 00:00:00+05:30,138.05,138.05,131.65,132.45,8659
2024-03-05 00:00:00+05:30,135.05,137.85,132.55,133.45,8182
2024-03-06 00:00:00+05:30,135.0,135.0,130.0,132.5,6299
2024-03-07 00:00:00+05:30,130.25,139.9,130.25,139.45,18805
2024-03-11 00:00:00+05:30,143.7,147.0,138.1,139.05,26858
2024-03-12 00:00:00+05:30,139.1,139.1,134.05,135.15,7525
2024-03-13 00:00:00+05:30,138.0,138.0,130.05,130.9,16180
2024-03-14 00:00:00+05:30,131.05,133.45,129.1,129.9,8244
2024-03-15 00:00:00+05:30,130.05,132.45,126.1,128.15,9073
2024-03-18 00:00:00+05:30,130.15,131.45,123.5,124.6,21713
2024-03-19 00:00:00+05:30,125.3,125.3,122.05,123.1,8175
2024-03-20 00:00:00+05:30,120.0,123.65,120.0,122.25,1942
2024-03-21 00:00:00+05:30,122.6,125.25,121.0,121.65,8317
2024-03-22 00:00:00+05:30,123.7,139.0,122.1,130.3,16270
2024-03-26 00:00:00+05:30,135.9,135.9,124.1,125.6,28765
2024-03-27 00:00:00+05:30,127.25,132.45,124.15,125.65,45727
2024-03-28 00:00:00+05:30,127.1,128.35,124.05,124.65,6845
2024-04-01 00:00:00+05:30,128.15,130.0,125.1,129.3,5682
2024-04-02 00:00:00+05:30,130.5,138.05,127.55,131.95,11937
2024-04-03 00:00:00+05:30,135.0,136.5,132.2,135.0,2829
2024-04-04 00:00:00+05:30,135.15,142.0,132.6,136.55,27864
2024-04-05 00:00:00+05:30,138.75,138.75,133.15,134.6,6235
2024-04-08 00:00:00+05:30,134.65,138.4,134.1,135.3,7424
2024-04-09 00:00:00+05:30,133.7,136.9,132.05,134.05,2489
2024-04-10 00:00:00+05:30,140.55,140.55,128.9,131.85,40013
2024-04-12 00:00:00+05:30,131.0,137.05,131.0,132.95,2654
2024-04-15 00:00:00+05:30,132.05,134.8,129.3,131.5,5118
2024-04-16 00:00:00+05:30,133.45,135.65,130.35,131.7,7150
2024-04-18 00:00:00+05:30,134.95,134.95,130.6,132.35,4888
2024-04-19 00:00:00+05:30,130.85,133.95,130.55,132.5,6697
2024-04-22 00:00:00+05:30,135.0,135.0,131.1,132.8,6318
2024-04-23 00:00:00+05:30,132.25,135.85,132.0,132.1,9372
2024-04-24 00:00:00+05:30,134.85,136.3,132.65,133.85,4053
2024-04-25 00:00:00+05:30,133.85,140.9,132.1,135.5,20656
2024-04-26 00:00:00+05:30,135.1,139.8,135.1,138.15,21458
2024-04-29 00:00:00+05:30,139.9,144.7,132.1,143.45,71629
2024-04-30 00:00:00+05:30,145.0,146.7,140.0,141.1,17327
2024-05-02 00:00:00+05:30,143.95,143.95,138.6,140.8,12188
2024-05-03 00:00:00+05:30,138.2,142.0,137.0,138.65,5041
2024-05-06 00:00:00+05:30,138.9,139.9,134.7,136.25,7286
2024-05-07 00:00:00+05:30,136.5,139.7,130.5,134.05,23184
2024-05-08 00:00:00+05:30,133.7,137.5,132.15,133.8,9520
2024-05-09 00:00:00+05:30,134.4,137.5,131.5,134.5,17510
2024-05-10 00:00:00+05:30,135.15,149.9,131.1,146.85,91687
2024-05-13 00:00:00+05:30,148.8,148.8,140.05,140.5,23924
2024-05-14 00:00:00+05:30,140.75,151.0,140.05,150.1,46550
2024-05-15 00:00:00+05:30,150.05,159.0,148.7,155.8,107305
2024-05-16 00:00:00+05:30,156.4,163.25,150.3,157.9,83863
2024-05-17 00:00:00+05:30,157.9,167.7,151.3,164.45,126522
2024-05-18 00:00:00+05:30,164.45,172.65,162.0,169.65,37111
2024-05-21 00:00:00+05:30,174.75,174.75,163.1,165.75,83071
2024-05-22 00:00:00+05:30,175.05,198.9,169.85,198.9,159381
2024-05-23 00:00:00+05:30,212.0,217.95,197.9,198.2,185024
